SESSION_ID,EVENT_ID,EVENT_TIMESTAMP,PAGE_URL,PUBLISHER_ORDER_ID,ML_MODEL,WIDGET_TYPE,CONV_ORDER_ID,EVENT_CREATED_AT,CUSTOMER_TYPE,EVENT_CLASSIFICATION,DAYS_TO_ATTRIBUTION,DISCOUNT_CODES,EVENT_ORDER_ID_MATCH,IP_MATCH,USER_AGENT_MATCH
3049e5ff-053b-424f-a4e0-f107213db74b,9c5675ea-4489-4fc5-9560-2f2d9aa0fb6c,2024-03-12T22:32:56.502Z,https://thisisneeded.com/checkouts/co/2075a9045389a2c5fc0c43f07c30555e/thank_you,,bert4recs1,DISCOFEED,5244574728252,2024-03-12T22:32:56.502Z,returning,display,5,ABG,FALSE,TRUE,FALSE
b2929943-4ca2-4c26-996c-00135ea194bc,77bd0628-db28-47cb-af3c-36ecd570b4f8,2024-03-12T23:39:34.818Z,https://thisisneeded.com/19532939328/orders/5e946e11fb5f4edd8e6a377cf0ccf950,,bert4recs1,DISCOFEED,5245673570364,2024-03-12T23:39:34.818Z,new,display,6,LUCKY20,FALSE,TRUE,TRUE
4cc67f1b-6e3a-40df-a281-9429eafc403f,e99914e7-ac6f-4645-ba70-fc1e1a595042,2024-03-12T23:23:17.998Z,https://maverickandco.co/checkouts/cn/29b1d3548f709d1eda639d8b35fc9189/thank_you,,bert4recs1,DISCOFEED,5242619134012,2024-03-12T23:23:17.998Z,returning,display,3,LUCKY20,FALSE,TRUE,FALSE
0be83fba-c6e0-400d-913b-68501874b644,03e7f86f-7da0-4046-aa12-52affe1bb713,2024-03-12T23:58:08.877Z,https://babytula.com/checkouts/co/2eb460df51c2a001a32326ebf8caa766/thank_you,,bert4recs1,DISCOFEED,5243081359420,2024-03-12T23:58:08.877Z,returning,display,3,LUCKY20,FALSE,FALSE,TRUE
50a79c47-5a37-4615-8da3-3285bf9e5e79,694151f7-621e-49ee-9689-0c7fe139d57c,2024-03-09T17:07:56.76Z,https://primallypure.com/8746120/orders/022db96fd004bf37c322c88f519f27ce,,bert4recs1,DISCOFEED,5244197601340,2024-03-09T17:07:56.76Z,new,display,7,SAMANTHA20,FALSE,FALSE,FALSE
9282bd88-b5cb-46da-9c6b-052748df0bfb,22afa7b8-a042-4552-9617-4973d1ec1019,2024-03-09T21:47:26.949Z,https://tubbytodd.com/checkouts/cn/2e2e46393aabd08ed82f30c899ceee5d/thank_you,,bert4recs1,DISCOFEED,5243443871804,2024-03-09T21:47:26.949Z,returning,display,7,LUCKY20,FALSE,TRUE,FALSE
e0436e5d-4e96-4dbc-89fe-225ba617a563,a85ad4d6-0f7e-434b-bd75-e7df19ede101,2024-03-10T15:46:08.301Z,https://checkout.iliabeauty.com/checkouts/co/20058435bf7890eddb67f22f6afc0564/thank_you,,bert4recs1,DISCOFEED,5245451993148,2024-03-10T15:46:08.301Z,returning,display,7,LUCKY20,FALSE,TRUE,FALSE
6ef8e4dc-00c6-416a-8613-423a7903ec04,0a2f7a20-ae27-41d4-91a3-d0ab008fa76f,2024-03-10T16:23:25.03Z,https://tubbytodd.com/checkouts/cn/b90310452d9c5879cf6ccfc3b67fa65b/thank_you,,bert4recs1,DISCOFEED,5245200695356,2024-03-10T16:23:25.03Z,new,display,7,LUCKY20,FALSE,FALSE,TRUE
41fc9092-1461-4155-9d38-46e37332905f,74763c0e-7dac-4060-be72-4fdd3f2aeafd,2024-03-10T16:19:34.98Z,https://itsbodily.com/checkouts/cn/804da27d5f86390ae12550a77a6608a9/thank_you,,bert4recs1,DISCOFEED,5244305965116,2024-03-10T16:19:34.98Z,new,display,6,LUCKY20,FALSE,TRUE,TRUE
9b8a209a-d424-46a5-9cb8-8e17fa7c3ef4,d9565035-6a16-43de-b210-15ed2ce23c4f,2024-03-13T20:06:48.971Z,https://tubbytodd.com/2875564/orders/9b010d2036a879f2e4c5eb475ce5c812,,bert4recs1,DISCOFEED,5245743726652,2024-03-13T20:06:48.971Z,new,display,5,DIMARYSM20,FALSE,TRUE,TRUE
6639c130-3af0-4a97-9652-28a90b8a1fe9,8ee34726-7086-4c2c-a0ec-6354d13ff62e,2024-03-13T20:25:22.18Z,https://itsbodily.com/9945841761/checkouts/df2b87633d0850a9f2552b7ea6bed605/thank_you,,bert4recs1,DISCOFEED,5244167815228,2024-03-13T20:25:22.18Z,new,display,3,LUCKY20,FALSE,TRUE,TRUE
93a4489f-69a6-49ee-b008-3bc9ad699ed9,7f273912-1e6b-4fe2-a058-ba00f5b9a1ff,2024-03-13T20:54:52.586Z,https://thisisneeded.com/19532939328/orders/a992f2a2cb19b308d6065fb16cc94aa5,,bert4recs1,DISCOFEED,5245807984700,2024-03-13T20:54:52.586Z,new,display,5,LUCKY15,FALSE,TRUE,TRUE
1e9a7aed-d4f2-4ede-b32e-71dd736ea2f9,dea1f0ef-e9de-4c01-8004-88e0f6bedd20,2024-03-13T21:11:29.883Z,https://shop.hedleyandbennett.com/checkouts/co/20f86073caeb32c94c3f02f30a34e173/thank_you,,bert4recs1,DISCOFEED,5245163175996,2024-03-13T21:11:29.883Z,returning,display,4,LUCKY20,FALSE,TRUE,TRUE
838b125d-e8ff-4870-914a-b14caf7562d4,d3fb029a-a7bf-413e-9138-a84c9c70b4e4,2024-03-13T20:59:51.186Z,https://primallypure.com/8746120/checkouts/887452427e1cc49d8c32b453401c33d7/thank_you,,bert4recs1,DISCOFEED,5245649125436,2024-03-13T20:59:51.186Z,new,display,4,LUCKY20,FALSE,TRUE,FALSE
3e4ae669-30bb-4756-8a4c-2c5784d45e52,276afab5-3dde-49d4-97d9-7687f14eb8dc,2024-03-13T21:02:15.354Z,https://tubbytodd.com/2875564/orders/d72ac33781dc6d68a768e0808fed42e4,,bert4recs1,DISCOFEED,5245603676220,2024-03-13T21:02:15.354Z,returning,display,4,LUCKY20,FALSE,FALSE,FALSE
4ec0b4e8-e741-49aa-98c2-d9dbc6f1d192,49f48da6-0b86-4518-b673-d4a3855e74d7,2024-03-09T00:40:09.254Z,https://tubbytodd.com/checkouts/cn/0bab799afc19dc4c3d8aefcd4eee8e2d/thank_you,,bert4recs1,DISCOFEED,5242572832828,2024-03-09T00:40:09.254Z,returning,display,6,just4u,FALSE,FALSE,FALSE
d4be01d8-4a3d-46c3-aeeb-c0daa9989ceb,797fd730-b464-4432-9d4d-d0de84c6a96d,2024-03-14T01:31:49.277Z,https://tubbytodd.com/checkouts/cn/b9ae8dc0ff0a9467676a62b330f05c8a/thank_you,,bert4recs1,DISCOFEED,5244955820092,2024-03-14T01:31:49.277Z,returning,display,3,LUCKY20,FALSE,TRUE,TRUE
eb2e0174-001b-4dad-be6e-7627dccd67a3,c18c55ba-7531-440e-8eeb-0292e34dd8d3,2024-03-17T23:50:15.267Z,https://trynood.com/checkouts/co/4a6a06c1b7f888a4381e1d59a87679f3/thank_you,,contextual,LEAD_GEN,5246786338876,2024-03-17T23:50:15.267Z,returning,display,1,LUCKY20,FALSE,FALSE,FALSE
2c1e1392-2b08-4355-b209-0df6da1bcf40,3f1df436-122e-45ef-8667-6ac72f6d220a,2024-03-18T00:11:32.597Z,https://tubbytodd.com/checkouts/cn/fd48e4529a1655f81bd155f61d06b613/thank_you,,bert4recs1,DISCOFEED,5246652383292,2024-03-18T00:11:32.597Z,new,display,0,,FALSE,FALSE,FALSE
3eb71251-a5a6-4dfc-8587-38eb604b1ed7,5d838866-1b49-4c81-886d-011fe26cf81a,2024-03-18T01:49:00.904Z,https://otteroo.com/5533125/orders/1c0629ef4705c650c3c86004be57b024,,bert4recs1,DISCOFEED,5245758537788,2024-03-18T01:49:00.904Z,new,display,0,LUCKY20,FALSE,TRUE,FALSE
d13fd25b-1b79-444a-a3a8-307f0cf8cfe9,a85a3361-9310-45ac-b89a-5f3eb27c190a,2024-03-18T01:55:54.184Z,https://www.carvedesigns.com/10112122/checkouts/48d8074871654e2392ace2682f506e1a/thank_you,,bert4recs1,DISCOFEED,5245767483452,2024-03-18T01:55:54.184Z,returning,click,0,LUCKY20,FALSE,TRUE,TRUE
644e24fe-6d2f-41c8-a4c1-7181f2ed3dcd,e6a81dd8-7c2f-4168-ae91-315bf9f562c4,2024-03-18T01:57:59.432Z,https://shop.onewillow.com/15958015/checkouts/1e132cb9ca2674c45c71388feb811d37/thank_you,,bert4recs1,DISCOFEED,5245788979260,2024-03-18T01:57:59.432Z,returning,display,0,LUCKY20,FALSE,TRUE,TRUE
e08aeae3-d07c-42c8-ae0f-ba9c3bf3bb57,5c2ee127-c666-4321-a0fa-7cc4e33772d9,2024-03-11T14:47:27.648Z,https://www.getrael.com/checkouts/co/da5186742a2a74e2a8c04b8b8570628f/thank_you,,contextual,LEAD_GEN,5243845705788,2024-03-11T14:47:27.648Z,returning,display,5,LUCKY20,FALSE,FALSE,FALSE
13dcc4ec-4e09-4457-9a9a-1a3e9411b131,0cc78b2b-ab04-4982-8dcc-b88a08f4ffe4,2024-03-14T22:23:49.357Z,https://tubbytodd.com/2875564/orders/3a011f14b36967b12576fdd101504f5d,,bert4recs1,DISCOFEED,5241975930940,2024-03-14T22:23:49.357Z,returning,display,1,LPP20PVXR0,FALSE,TRUE,TRUE
9ac11868-d2f6-48de-9217-543a6433ed40,7b868edf-42ab-4aff-9e16-a3d611aecd6d,2024-03-14T22:46:51.356Z,https://tubbytodd.com/2875564/orders/2775309cf1313e4b0e1dfbd30773db14,,bert4recs1,DISCOFEED,5241969639484,2024-03-14T22:46:51.356Z,returning,display,1,LUCKY20,FALSE,TRUE,TRUE
d07da3ea-9367-49ca-9724-997f82b29772,a832feda-84b2-4a69-8951-5696284641f4,2024-03-12T00:43:24.514Z,https://www.newtonbaby.com/7920323/checkouts/c54966278db21e100695212c4272fec8/thank_you,,contextual,LEAD_GEN,5245527425084,2024-03-12T00:43:24.514Z,new,display,5,LUCKY15,FALSE,TRUE,TRUE
b943a323-1c3a-412f-95be-dce0f47f8825,ae216ff2-acd9-4c48-9f11-8112bf7ba605,2024-03-13T03:35:39.16Z,https://tubbytodd.com/checkouts/cn/8df4e6d59dc0fc6284c6db14654901d5/thank_you,,bert4recs1,DISCOFEED,5242914734140,2024-03-13T03:35:39.16Z,new,display,2,LUCKY20,FALSE,TRUE,FALSE
1b1aaa74-d23b-4832-89d5-5b1c2f389e5a,440dd7b3-06f4-43bf-869b-022a806d84d4,2024-03-14T23:40:31.441Z,https://consciouslybaby.com/5288296548/orders/39613bf164b7d40c4ce969d3e6931308,,bert4recs1,DISCOFEED,5245733863484,2024-03-14T23:40:31.441Z,returning,display,4,Custom discount,FALSE,FALSE,FALSE
03843c56-670f-4d70-8588-d33a9404fec5,b8475ae1-9193-4921-b856-8520d9e89726,2024-03-14T23:55:34.049Z,https://tubbytodd.com/2875564/orders/977f40399a1a082a88f17090b15a80f2,,bert4recs1,DISCOFEED,5246230102076,2024-03-14T23:55:34.049Z,new,display,4,LUCKY20,FALSE,FALSE,TRUE
31c485a4-59ed-4fb9-9b30-91e9647aa57b,80fc8fa8-367a-4649-9072-958c4935aef5,2024-03-15T00:04:56.597Z,https://thisisneeded.com/checkouts/co/ec30784e8175093383800d1afa4a426f/thank_you,,bert4recs1,DISCOFEED,5245789208636,2024-03-15T00:04:56.597Z,returning,display,3,LUCKY20,FALSE,TRUE,FALSE
621871c4-858c-42ea-9eaf-fa641b803f22,214ed9a0-02dc-46cd-a510-52ef4bb95e1e,2024-03-09T01:46:48.505Z,https://tubbytodd.com/checkouts/cn/bdc2398008740136a7782bb3e1ab7bcb/thank_you,,bert4recs1,DISCOFEED,5242468073532,2024-03-09T01:46:48.505Z,returning,display,6,LUCKY20,FALSE,TRUE,FALSE
0e11a257-4ed9-43c7-a8be-137a4c001910,4a208a73-ba13-4683-8968-a1c904b43001,2024-03-09T01:54:51.897Z,https://www.loveinfaith.life/4215930947/checkouts/7f030c8ca7c05ba6ebdc75360b984bf3/thank_you,,bert4recs1,DISCOFEED,5243438039100,2024-03-09T01:54:51.897Z,lapsed,display,7,LUCKY20,FALSE,TRUE,FALSE
c25de6ed-71ce-42c1-ad06-b47d7c33d294,98bc5b9b-9dde-468d-bb3e-a7f417cc95ef,2024-03-11T21:15:00.48Z,https://itsbodily.com/9945841761/orders/bbb5ef9104cd84b91e28ae8a651f2704,,bert4recs1,DISCOFEED,5245274062908,2024-03-11T21:15:00.48Z,returning,display,6,LUCKY20,FALSE,TRUE,TRUE
900e8484-17b1-47c4-8ae6-3f53c7626b7b,d3f245ba-030d-44b1-a82d-f46974ad5403,2024-03-15T12:06:31.027Z,https://tubbytodd.com/checkouts/cn/8318ee0f2e9e27babbc34ba43fc656cd/thank_you,,bert4recs1,DISCOFEED,5243081195580,2024-03-15T12:06:31.027Z,returning,display,0,,FALSE,TRUE,FALSE
8eeb81e3-bff1-4590-852a-8ce47964d3a2,9a2b6e1d-3631-46ad-93c8-6abc9ca75849,2024-03-15T12:53:15.148Z,https://sundaycitizen.co/checkouts/cn/b0177646b8f46f1ec9603e40bc3cf0fd/thank_you,,bert4recs1,DISCOFEED,5242672644156,2024-03-15T12:53:15.148Z,new,display,0,LUCKY20,FALSE,TRUE,TRUE
5d3d9114-8f6a-466c-b764-745a0bff7333,0a6e5200-8fe7-46ab-a9cb-1967a2eebd2f,2024-03-15T13:06:40.919Z,https://checkout.iliabeauty.com/1272332/orders/100b958889025e43e0d3328a22ca2838,,bert4recs1,DISCOFEED,5244113649724,2024-03-15T13:06:40.919Z,new,display,1,LUCKY20,FALSE,TRUE,TRUE
3b21ac8b-6c8d-4c12-8653-10a50968ca46,f2ab0cf3-95bd-47af-b6fa-ef120ec5b529,2024-03-15T15:26:01.743Z,https://tubbytodd.com/2875564/orders/93bbd6c3839edd5fb105a55fdbcadc1a,,bert4recs1,DISCOFEED,5245194108988,2024-03-15T15:26:01.743Z,new,display,2,,FALSE,FALSE,FALSE
9ef285a2-8e75-49a2-996c-2b2ac449853e,a50bd4c4-0faa-4474-a569-5b02e1b53674,2024-03-15T19:15:06.133Z,https://www.wonderyoutdoors.com/12741983/orders/f06921097ad6ac2cd859288159754683,,bert4recs1,DISCOFEED,5243392786492,2024-03-15T19:15:06.133Z,returning,display,1,,FALSE,TRUE,TRUE
23da2676-d221-4d5e-afb6-9e01857e3b6d,4805b2d7-8171-4d60-b213-49fbb9398638,2024-03-15T19:56:01.423Z,https://www.honest.com/order-confirmation?ID=HDC16545658PD&token=-oIU3_uah20J15zrbJJjfO6xTrDtH27Yqp00cxcTuB0,,bert4recs1,DISCOFEED,5244807217212,2024-03-15T19:56:01.423Z,returning,display,2,LUCKY20,FALSE,FALSE,TRUE
63687a6d-19f9-4a9a-9be2-b6d5c92515ad,9bd0cd7a-42f7-42dd-a374-c5ebee907362,2024-03-15T20:04:31.474Z,https://www.newtonbaby.com/7920323/orders/c7913860d0ad618286c7fd7109fee285,,contextual,LEAD_GEN,5245789634620,2024-03-15T20:04:31.474Z,new,display,3,LUCKY20,FALSE,FALSE,TRUE
c1a2323c-47cf-43b7-8ec2-67b665b66e0b,d2018b20-72bf-42f4-b6ea-ad48b86559bd,2024-03-15T20:24:17.499Z,https://shop.onewillow.com/15958015/checkouts/9e27fb82b70fd27459987ff431a98b70/thank_you,,contextual,LEAD_GEN,5246080909372,2024-03-15T20:24:17.499Z,new,display,3,LUCKY20,FALSE,TRUE,TRUE
ffa9dacf-e16c-4be4-b0c4-69636538f4d5,a6c85ba4-890e-435a-9341-91f306e09441,2024-03-15T17:53:30.014Z,https://vitruvi.com/checkouts/co/7d9112cdc27180b0565b8c341f609249/thank_you,,bert4recs1,DISCOFEED,5246522490940,2024-03-15T17:53:30.014Z,returning,display,3,,FALSE,FALSE,FALSE
7f41f4ea-3ee3-48bd-a01b-b3181f887769,356dd6fe-d27d-484a-bde7-a8aed3e3d08f,2024-03-17T02:57:37.742Z,https://electricpicks.com/checkouts/co/4267dd6bf094b582b8d655fa6e65fe1b/thank_you,,bert4recs1,DISCOFEED,5245666623548,2024-03-17T02:57:37.742Z,returning,display,1,LUCKY20,FALSE,FALSE,FALSE
0a204d6d-88aa-4190-8bef-42cd31b53429,97b61ca6-9b21-47e5-bb0a-74d0f278beb1,2024-03-16T19:23:20.957Z,https://checkout.tula.com/checkouts/co/2841205db09179d4846c4b6c466fc698/thank_you,,bert4recs1,DISCOFEED,5244273164348,2024-03-16T19:23:20.957Z,new,display,0,LUCKY20,FALSE,TRUE,TRUE
3ae60092-0ddb-48fe-aabb-eb780752c04d,8ebba488-3f3a-40e8-b534-297121526a6e,2024-03-18T15:01:06.75Z,https://checkout.iliabeauty.com/checkouts/co/e93561a11fe6364909f2368315bd27e3/thank_you,,bert4recs1,DISCOFEED,5246373724220,2024-03-18T15:01:06.75Z,new,click,0,HELLOSNACK,FALSE,TRUE,TRUE
a973703b-8d71-4247-a0e4-f8db58efedcb,f50ce356-5a26-43f7-8345-ebd5876a976a,2024-03-11T15:19:41.615Z,https://www.moonglow.com/24863224/orders/87efdda520c4405704e6958242bd8610,,bert4recs1,DISCOFEED,5243873722428,2024-03-11T15:19:41.615Z,new,display,5,LUCKY20,FALSE,FALSE,FALSE
42fe9930-ac4f-4050-9411-aae249e1956f,b1935d9b-e493-4031-8093-627a20f00c99,2024-03-11T23:34:48.654Z,https://itsbodily.com/9945841761/orders/a18252235980d28e1162b0350385d3de,,bert4recs1,DISCOFEED,5244028551228,2024-03-11T23:34:48.654Z,returning,display,5,LUCKY20,FALSE,FALSE,TRUE
ba7b3b93-3570-44cc-9380-f68299b6cb93,19a7e722-e5bd-4488-8e4c-c069c8f8c5ff,2024-03-17T01:15:33.79Z,https://shop.hedleyandbennett.com/1870608/checkouts/1da76adc5340f4eebd70163d730bc98e/thank_you,,bert4recs1,DISCOFEED,5245101768764,2024-03-17T01:15:33.79Z,new,display,0,LUCKY20,FALSE,FALSE,FALSE
a7fc398e-a2bf-467a-8bb6-ffa31e884eb7,f3a5ad54-793d-4ff4-b918-a19c7970db94,2024-03-17T14:34:55.737Z,https://tubbytodd.com/checkouts/cn/d4faef2ae8a147132cb5592997be329a/thank_you,,bert4recs1,DISCOFEED,5245780754492,2024-03-17T14:34:55.737Z,returning,display,1,LPSIXCCDCH,FALSE,FALSE,FALSE
1aa91bd0-5754-47a7-8070-4a3bfe7c4781,6e120578-61c4-4b01-80cd-18a42cf89de6,2024-03-17T14:25:02.5Z,https://tubbytodd.com/2875564/orders/184dbcf2ae102852451080a603314f85,,bert4recs1,DISCOFEED,5245405364284,2024-03-17T14:25:02.5Z,new,display,0,LUCKY20,FALSE,TRUE,TRUE
c10cf3bf-1907-4363-ab86-80b7fdbce4cc,c651fb42-8f67-40be-b172-6fffce4340ab,2024-03-12T16:38:12.829Z,https://tubbytodd.com/checkouts/cn/efeb9152f648b57a00188b6e1082df31/thank_you,,bert4recs1,DISCOFEED,5242085179452,2024-03-12T16:38:12.829Z,new,display,3,LUCKY20,FALSE,FALSE,TRUE
c1a80c91-e137-4145-b71e-9f54c4861a0e,7d72562a-bdb0-450e-9d80-9129c02cd493,2024-03-14T21:14:00.786Z,https://tubbytodd.com/checkouts/cn/502ab918059bcc7df9f7cd76b593de12/thank_you,,contextual,LEAD_GEN,5244128297020,2024-03-14T21:14:00.786Z,new,display,2,LUCKY20,FALSE,FALSE,FALSE
5710bc64-3e3d-435b-bfc7-83eca4bc273e,433e2b1f-7e3f-4dbe-8ecd-1418caa17046,2024-03-12T21:22:34.237Z,https://beachwaver.com/4525481/orders/9013576b4f0ff2a4bf0d42e3ff46aae1,,bert4recs1,DISCOFEED,5246578131004,2024-03-12T21:22:34.237Z,new,display,6,LUCKY20,FALSE,FALSE,FALSE
08a8e3a9-0051-4c66-9e48-12ff6cb4f5ec,fb352fab-7b9a-497e-bed0-86df34d666fa,2024-03-12T21:42:59.534Z,https://beachwaver.com/4525481/checkouts/22c592725f114f5027232cef7fdff8d9/thank_you,,contextual,DISCOFEED,5246520459324,2024-03-12T21:42:59.534Z,returning,display,6,,FALSE,FALSE,FALSE
ea29b353-cc55-4e8e-bf38-6560988a4938,1e3ccba4-412f-463e-b155-256ae4637abd,2024-03-12T21:33:37.318Z,https://www.newtonbaby.com/7920323/orders/ee2745e0be210c6042022543273baac7,,bert4recs1,DISCOFEED,5242140786748,2024-03-12T21:33:37.318Z,returning,display,3,LUCKY20,FALSE,FALSE,TRUE
a0e360e0-c687-4793-8097-1606a684833c,6f884b11-fa54-4b74-a452-60ede1237a91,2024-03-12T21:44:37.519Z,https://tubbytodd.com/checkouts/cn/1aea0573fc8505483c20eca9d61db376/thank_you,,bert4recs1,DISCOFEED,5242747650108,2024-03-12T21:44:37.519Z,returning,display,3,LPP7XCMY5J,FALSE,FALSE,FALSE
2b86f1c7-b5e9-4647-9c92-7f08259b451a,5a846b05-eb88-47a9-9b86-08e208248bdd,2024-03-12T04:02:01.837Z,https://beachwaver.com/4525481/orders/07cda7ad7df5083b6ec07a2427a31eba,,contextual,DISCOFEED,5245574873148,2024-03-12T04:02:01.837Z,returning,display,5,EMPLOYEE60,FALSE,FALSE,FALSE
74862292-f69e-4cab-ab6c-0f4d95967bc2,bead7e2f-dc95-4008-b2f0-25f93ef9bbf6,2024-03-12T05:16:42.858Z,https://tubbytodd.com/2875564/orders/459dfa474bc200a9b6a115a5dc55cdc1,,bert4recs1,DISCOFEED,5245801693244,2024-03-12T05:16:42.858Z,new,display,6,LUCKY20,FALSE,TRUE,FALSE
121271ee-0f2c-4265-8363-091efff6fdd9,accd24cd-7596-4210-9825-b922ad1ab79e,2024-03-12T05:32:13.448Z,https://itsbodily.com/9945841761/orders/64175b06227c67c359933492b9670d03,,contextual,LEAD_GEN,5246677385276,2024-03-12T05:32:13.448Z,new,display,6,,FALSE,TRUE,FALSE
74ae2b90-f00a-488c-a498-1af4919ad25f,9102c9f1-06ca-4ce1-95f7-aba463c34956,2024-03-13T23:48:29.341Z,https://www.diviofficial.com/59138605225/orders/70f66ba228f79a9498009754137fe14f,,bert4recs1,DISCOFEED,5244443197500,2024-03-13T23:48:29.341Z,new,display,3,LUCKY20,FALSE,TRUE,FALSE
c45e4ba3-ae2a-46b1-b62f-59f793955880,84a9fa3c-f6d8-4792-9ed4-25ca401e330e,2024-03-13T23:48:19.033Z,https://www.newtonbaby.com/7920323/checkouts/53572faee29f70fbe2247ed1e45f9a8b/thank_you,,bert4recs1,DISCOFEED,5242690306108,2024-03-13T23:48:19.033Z,returning,display,2,LUCKY20,FALSE,TRUE,FALSE
7528391a-0ea6-4520-b0cd-5400de220f28,6425ec78-1bcb-41bb-b273-c9f36e5badab,2024-03-15T04:35:55.2Z,https://tubbytodd.com/checkouts/cn/eae2280a91de1ebf58a98db843854001/thank_you,,contextual,LEAD_GEN,5246346494012,2024-03-15T04:35:55.2Z,returning,display,3,,FALSE,FALSE,FALSE
f6d7281e-fd4a-45f2-80ad-dd93722dd16a,0b736081-2a46-4b66-8a16-fa83d538c8d1,2024-03-15T04:59:47.03Z,https://checkout.iliabeauty.com/checkouts/co/7e2020af621cbeae392654dbf43c15b1/thank_you,,bert4recs1,DISCOFEED,5243789180988,2024-03-15T04:59:47.03Z,new,display,1,LUCKY20,FALSE,FALSE,FALSE
8c6593d6-6eae-45b4-a903-4a1d01bddd0b,ebd23081-f413-4755-b3a4-d2ffe4c04ad0,2024-03-17T12:13:24.311Z,https://checkout.tula.com/17369637/checkouts/1553a9a843410e30adb1cf9bc1d5820e/thank_you,,bert4recs1,DISCOFEED,5245156393020,2024-03-17T12:13:24.311Z,returning,display,0,LUCKY20,FALSE,TRUE,TRUE
5993adfd-4501-46b4-979d-23d3aecc73d2,d8d1297e-c87f-401b-a272-ffb5a60eea35,2024-03-16T00:35:14.711Z,https://www.seavees.com/5613333/orders/a0ab49f257c921290a20c1a404b15e16,,contextual,LEAD_GEN,5243428143164,2024-03-16T00:35:14.711Z,new,display,0,LUCKY20,FALSE,TRUE,TRUE
d1c75682-d910-461c-95bc-f11f8adf0895,d8a26ac1-703a-4a47-9af5-67a546f6811f,2024-03-16T00:43:50.098Z,https://www.madrabbit.com/7641563234/orders/1cb16f2e925ad9fc003635e101d3cc4e,,bert4recs1,DISCOFEED,5245847633980,2024-03-16T00:43:50.098Z,new,display,2,LUCKY20,FALSE,FALSE,FALSE
a033e231-3b1d-41cf-b7ff-9755a8f93bf2,40eac649-c8da-4f7a-b1d5-18bba108264e,2024-03-16T01:10:51.821Z,https://tubbytodd.com/2875564/orders/33e45ecc1606e5bf23778ef168ce8e81,,bert4recs1,DISCOFEED,5246461607996,2024-03-16T01:10:51.821Z,new,display,2,,FALSE,TRUE,TRUE
1ccfb57a-4f11-4e39-82c1-9df3a16e09f0,7518a0d6-8761-41dc-b63c-3d6132282e41,2024-03-18T00:12:23.293Z,https://drinkwildwonder.com/checkouts/cn/4559cd72ef423a55884d4aec13dce08b/thank_you,,bert4recs1,DISCOFEED,5246525440060,2024-03-18T00:12:23.293Z,returning,display,0,LUCKY20,FALSE,TRUE,TRUE
9bbe58dc-248c-4e87-b58b-3cd464369b67,8f2e6169-245a-4d42-b273-3daf491db893,2024-03-16T17:16:51.602Z,https://www.afloral.com/13344597/checkouts/3d5ba1677aa24d681311a8f1538636aa/thank_you,,bert4recs1,DISCOFEED,5245153247292,2024-03-16T17:16:51.602Z,returning,display,1,LUCKY20,FALSE,TRUE,FALSE
eba2ab1b-469c-4cac-8ae2-691c99065923,34bd5290-5161-4a57-86ec-7fd97ac8c2ae,2024-03-16T17:34:39.839Z,https://www.newtonbaby.com/checkouts/co/64e71b8a3aed83e4bf1f67f4c7384516/thank_you,,bert4recs1,DISCOFEED,5246270963772,2024-03-16T17:34:39.839Z,new,display,2,,FALSE,TRUE,TRUE
af7bed8d-d66a-484e-a2a1-619e624a2786,9c73d5bc-29a5-49b4-b562-56f4532dedfa,2024-03-16T18:07:06.424Z,https://www.newtonbaby.com/7920323/orders/9467074defc33068251ba14ba08fcc37,,bert4recs1,DISCOFEED,5244229517372,2024-03-16T18:07:06.424Z,new,display,0,LUCKY20,FALSE,TRUE,TRUE
f73db9c5-b332-4ecb-b316-7986344929b1,9dc1f28a-0282-4323-8a4e-6cf79b4151d6,2024-03-10T19:06:58.795Z,https://qalo.com/checkouts/co/a11760f09dd6712b1025c21b89851432/thank_you,,bert4recs1,DISCOFEED,5244945924156,2024-03-10T19:06:58.795Z,returning,display,7,LUCKY20,FALSE,TRUE,FALSE
fd140dc6-7cd1-43d8-8b8d-4f4609d57e01,e7af7ab2-8c3c-4c8f-8c0d-aab7da3ca960,2024-03-10T19:21:05.097Z,https://tubbytodd.com/checkouts/cn/5c04910d48f54f8a4b19d421ea3c96b4/thank_you,,bert4recs1,DISCOFEED,5245382295612,2024-03-10T19:21:05.097Z,returning,display,7,LP2V6C1PEB,FALSE,FALSE,TRUE
5b080b1b-6eab-46bd-be9c-7c537d4bbc3e,ac826ed1-2845-4e48-919c-4dccf4407dcb,2024-03-13T18:30:46.372Z,https://tubbytodd.com/2875564/orders/53b49be470f5b45925a223ece66a5f91,,bert4recs1,DISCOFEED,5243138572348,2024-03-13T18:30:46.372Z,new,display,2,LUCKY20,FALSE,TRUE,TRUE
54b81949-7419-4e29-9743-04981280bfcf,62e3affb-5c6f-4c19-9628-7bf9db496d11,2024-03-13T18:41:36.088Z,https://www.diviofficial.com/59138605225/orders/d4bb001a628a7c46eb254d98e977b9d4,,bert4recs1,DISCOFEED,5246077337660,2024-03-13T18:41:36.088Z,new,display,5,CVVZBZM3,FALSE,FALSE,TRUE
6fe4ac1b-2648-4d55-bf69-3933d3058aa9,51e591b5-4014-4c33-9e4c-ab7085dc1b72,2024-03-14T01:29:37.875Z,https://trynood.com/checkouts/co/205511c377580e325076ab2eb70b4266/thank_you,,bert4recs1,DISCOFEED,5245817487420,2024-03-14T01:29:37.875Z,new,display,4,LUCKY20,FALSE,TRUE,FALSE
fd7dd429-af1b-4d9a-902f-faae7691538c,30d7532c-8ee9-4f82-bcbe-5ce5a528452c,2024-03-08T16:13:28.214Z,https://tubbytodd.com/checkouts/cn/3be444a2c892e1e14569501746d294dd/thank_you,,bert4recs1,DISCOFEED,5243047608380,2024-03-08T16:13:28.214Z,new,display,7,LUCKY20,FALSE,FALSE,TRUE
fe6e655b-4b3c-44ff-a527-b6962f16f4a0,fbd93565-7fb0-49fe-a98d-5c3ae1f33137,2024-03-11T14:09:17.532Z,https://www.afloral.com/13344597/checkouts/9bfc6be5f99ecad05dccd822c534c407/thank_you,,bert4recs1,DISCOFEED,5244294037564,2024-03-11T14:09:17.532Z,returning,display,5,LUCKY20,FALSE,FALSE,TRUE
358d9d17-f3a9-40ea-adcc-edb1fff61add,5d53316d-4bd7-4b0c-9b87-2bf73e3a27a6,2024-03-12T20:14:32.217Z,https://tubbytodd.com/checkouts/cn/11ccae39db33d24beee8eb3af8efd13d/thank_you,,contextual,LEAD_GEN,5246633017404,2024-03-12T20:14:32.217Z,new,click,6,LUCKY20,FALSE,TRUE,FALSE
64208305-98ab-4502-be83-eac0eaf91826,cc182915-8502-40a4-8f36-561d0d22cfb7,2024-03-12T20:20:33.367Z,https://tubbytodd.com/checkouts/cn/7e1e88ec6343018bedca0910a8069388/thank_you,,bert4recs1,DISCOFEED,5245727670332,2024-03-12T20:20:33.367Z,returning,display,6,,FALSE,FALSE,FALSE
a001a6d4-c6ca-4943-b692-821cba2ee048,10cdcd8c-a955-4558-b32b-8f7e7a96bf1a,2024-03-14T10:44:26.945Z,https://trynood.com/50811109560/checkouts/347d51a0f69a0dbf9ebbb267b4561781/thank_you,,contextual,LEAD_GEN,5243418804284,2024-03-14T10:44:26.945Z,returning,display,2,LUCKY20,FALSE,FALSE,FALSE
4b82803f-5cf4-43d6-8859-cbc58f56cde9,d1493884-5360-43a5-b2d8-f3195ad6f726,2024-03-11T20:12:33.779Z,https://oliveandjune.com/checkouts/cn/fc89c20dc58dddcd9611ae0e956ca236/thank_you,,bert4recs1,DISCOFEED,5242805878844,2024-03-11T20:12:33.779Z,returning,display,4,LUCKY20,FALSE,TRUE,TRUE
afffb718-36db-4e49-aa62-897584a76b80,2951fec8-0e98-44ab-961f-a6e8a4304699,2024-03-11T20:44:58.023Z,https://licorice.com/27569848381/checkouts/8fd68d889a62679d21804dbf9fb60b6c/thank_you,,contextual,LEAD_GEN,5246397710396,2024-03-11T20:44:58.023Z,returning,display,7,,FALSE,FALSE,FALSE
4c1d06a7-6424-4189-970e-d2690ffc5773,e32b893d-18f4-4ea3-80bc-45f3896dbdfa,2024-03-11T21:13:27.226Z,https://tubbytodd.com/checkouts/cn/beebeb076defc4896bfe67cd40b56df2/thank_you,,bert4recs1,DISCOFEED,5245744545852,2024-03-11T21:13:27.226Z,new,display,7,LUCKY20,FALSE,FALSE,FALSE
66afd7af-e40c-464b-a2f1-db623cd103c3,2f0a7651-ace9-453f-9e84-dd6ff1e5465a,2024-03-15T16:34:04.733Z,https://www.loveinfaith.life/4215930947/orders/d9b8c8f282f0fec5f7eca3899cbf5bab,,bert4recs1,DISCOFEED,5243147386940,2024-03-15T16:34:04.733Z,new,display,0,LUCKY20,FALSE,TRUE,TRUE
7a1614f7-e25e-456d-93f7-40033108e150,97427145-5149-4e78-b83c-46c938c32fef,2024-03-09T10:56:58.814Z,https://viori.com/checkouts/cn/9a292fe830926925dde873e8b04338e1/thank_you,,contextual,LEAD_GEN,5241947291708,2024-03-09T10:56:58.814Z,new,click,6,LUCKY20,FALSE,FALSE,FALSE
1e0cd2ef-848c-4833-b4a7-ab8258dc679b,4b3d2982-5fb5-42ce-aa6a-1253aa2ea89c,2024-03-09T14:42:10.708Z,https://tubbytodd.com/checkouts/cn/0e5e4a9f25e2b4a66108dedde41d793e/thank_you,,bert4recs1,DISCOFEED,5243130478652,2024-03-09T14:42:10.708Z,returning,display,6,LUCKY15,FALSE,FALSE,TRUE
5c621414-52e1-4352-b602-ead21ef39d1b,ae408538-3a5c-42d5-95b0-c112c34d1bff,2024-03-09T14:42:23.997Z,https://shop.onewillow.com/15958015/orders/9994399b38b2bb43f895251b71c02603,,bert4recs1,DISCOFEED,5244050767932,2024-03-09T14:42:23.997Z,returning,display,7,LUCKY20,FALSE,TRUE,FALSE
7f9ceb10-b9c4-4944-8fde-cc5c812f44d4,5e689ac1-3a49-41db-b01e-a8edcf657782,2024-03-18T00:13:18.326Z,https://www.loveinfaith.life/checkouts/co/9419af6b685a6b365cb21354f6bc8ad1/thank_you,,bert4recs1,DISCOFEED,5246359994428,2024-03-18T00:13:18.326Z,new,display,0,,FALSE,FALSE,FALSE
45e11f54-ec69-4fc7-99e9-42dcacb942f8,962ea403-9de3-456a-90e3-6e75269c11ad,2024-03-18T01:05:16.366Z,https://checkout.iliabeauty.com/1272332/orders/b1bb92f5a1b184a1cbc2beb34725c06d,,contextual,DISCOFEED,5245809393724,2024-03-18T01:05:16.366Z,new,display,0,LUCKY20,FALSE,TRUE,TRUE
4d07916a-0537-4484-9ed5-516f28bbeb9e,aa678e35-2557-491c-ad21-cf552d022aee,2024-03-17T16:15:11.347Z,https://checkout.iliabeauty.com/1272332/checkouts/852b8c46ad1fbc7122fe29c8aa08cdc4/thank_you,,bert4recs1,DISCOFEED,5245320593468,2024-03-17T16:15:11.347Z,new,display,0,LUCKY20,FALSE,TRUE,TRUE
f7f9b2f1-ae0b-4cc2-af96-339fa584cec3,460a354c-aa94-4b4c-9798-a3f89336c2b1,2024-03-17T16:21:51.367Z,https://checkout.tula.com/checkouts/co/7960650132a114396296995c8e1ea1e0/thank_you,,bert4recs1,DISCOFEED,5245320527932,2024-03-17T16:21:51.367Z,new,display,0,LUCKY20,FALSE,TRUE,TRUE
57df69e7-8808-462d-940d-d2a6c2b4e382,d7d64a45-6a22-4d1b-a64f-2f33d4490654,2024-03-17T16:50:52.302Z,https://babytula.com/1150582/orders/1ee5f9a2404790878cc0b03d63bde2a9,,bert4recs1,DISCOFEED,5245669539900,2024-03-17T16:50:52.302Z,new,display,1,LUCKY20,FALSE,FALSE,FALSE
5bf465aa-665e-4f5c-a350-739edef89428,4c282011-a54b-4582-bd56-4c5e8beee84d,2024-03-17T17:03:11.547Z,https://itsbodily.com/9945841761/orders/d45e09aca473917da76df4c5cb54e73f,,bert4recs1,DISCOFEED,5245460283452,2024-03-17T17:03:11.547Z,new,display,0,LUCKY20,FALSE,TRUE,TRUE
0cedc284-bc42-4730-ba51-e5b99e098d58,032b44d3-dbb5-4869-a588-d63e62c90b4b,2024-03-16T20:34:21.746Z,https://byheart.com/checkouts/cn/05855cb77e6a766eba13efeba78af19e/thank_you,,bert4recs1,DISCOFEED,5245000876092,2024-03-16T20:34:21.746Z,returning,display,1,LUCKY20,FALSE,TRUE,FALSE
e2edf29c-e59a-4768-ae49-2e7c1dc7a8dc,963bb04d-d798-4dca-b735-5a83f5f7e64a,2024-03-10T04:00:17.267Z,https://www.littlewordsproject.com/checkouts/co/f1312648ae5f15bb29e7eab35a4a4a6f/thank_you,,bert4recs1,DISCOFEED,5243356479548,2024-03-10T04:00:17.267Z,new,display,5,,FALSE,FALSE,TRUE
f3cb9ea8-760b-4bd4-9cd4-f995b19bd6d1,994a11f0-16e1-498e-82a5-ed1df2df6492,2024-03-10T05:36:24.277Z,https://tubbytodd.com/checkouts/cn/5c3b06117056d88167b13aec04a15ff2/thank_you,,bert4recs1,DISCOFEED,5243750744124,2024-03-10T05:36:24.277Z,returning,display,6,LUCKY20,FALSE,TRUE,FALSE
ae8c787b-57e5-4f56-8392-3c4e74a87025,369b1d2e-8d86-4327-a183-7889108d1027,2024-03-16T04:51:16.718Z,https://tubbytodd.com/checkouts/cn/b7e32830169793985fdf3252a25d8218/thank_you,,bert4recs1,DISCOFEED,5244199534652,2024-03-16T04:51:16.718Z,returning,display,0,LUCKY20,FALSE,TRUE,FALSE
7ecf38cb-d625-4a96-bd03-18cf2c70082f,a1d1dff0-e4f6-48d0-97e6-c024caabeed1,2024-03-13T14:55:10.948Z,https://shop.onewillow.com/15958015/checkouts/5f6abfe61a26da2d23be21dbcd8c3a9e/thank_you,,bert4recs1,DISCOFEED,5245456482364,2024-03-13T14:55:10.948Z,new,display,4,HELLO7FF3D8M5,FALSE,FALSE,FALSE
307f9799-aaf1-4f5e-995f-cef310cd4c42,b576b7e4-ec7f-4207-81a0-7eaeab6c58d1,2024-03-13T15:56:17.001Z,https://www.diviofficial.com/checkouts/co/01b294fc3e05b59a9007215aed8c388d/thank_you,,bert4recs1,DISCOFEED,5246354161724,2024-03-13T15:56:17.001Z,new,display,5,LUCKY20,FALSE,FALSE,FALSE
68f571dc-f201-45d6-8572-41eb184fc3c8,f30b67b5-66b2-4c67-90d4-a97ac3e917ba,2024-03-10T10:07:42.853Z,https://shop.carawayhome.com/checkouts/co/fb8f0dec897828c6333c216fe7a959f0/thank_you,,bert4recs1,DISCOFEED,5244796993596,2024-03-10T10:07:42.853Z,returning,display,7,LUCKY20,FALSE,FALSE,FALSE
1bd9845a-4ef8-4f2d-b5c3-c3bf364587d4,bfa8999f-9fca-4319-9a5a-d134510c6e9d,2024-03-10T17:13:43.782Z,https://shop.onewillow.com/checkouts/co/a5ba2a575948a264e2e9dd14630fc818/thank_you,,bert4recs1,DISCOFEED,5242996850748,2024-03-10T17:13:43.782Z,returning,display,5,LUCKY15,FALSE,TRUE,TRUE
4f733eba-82a2-418c-9e2d-85601f658a64,54370106-3587-4812-b696-2d4d1cc58d31,2024-03-10T17:00:51.37Z,https://checkout.tula.com/checkouts/co/02bca7fd4ff1030da8cb53fd88852c22/thank_you,,bert4recs1,DISCOFEED,5243322007612,2024-03-10T17:00:51.37Z,new,display,5,LUCKY20,FALSE,TRUE,TRUE
6401a997-145a-42cd-aefa-43d04ef8ce94,cc089924-5e81-4aa2-874a-7405777b9dc2,2024-03-13T01:40:49.762Z,https://tubbytodd.com/checkouts/cn/0dd2c0eff24fdcb377c95bbd21d40ec6/thank_you,,bert4recs1,DISCOFEED,5243893973052,2024-03-13T01:40:49.762Z,new,display,3,LUCKY20,FALSE,TRUE,FALSE
b384b660-09a2-4c24-af43-acc267c04499,0428e99e-c69e-4bd5-9fd1-68e9eea2f6cf,2024-03-13T15:03:16.293Z,https://process.shinesty.com/checkouts/cn/b9d9976aa155d161543998f015303153/thank_you,,contextual,LEAD_GEN,5246703173692,2024-03-13T15:03:16.293Z,new,click,5,LUCKY20,FALSE,TRUE,TRUE
c339ad2d-04f4-4624-acf7-0a10710c276f,97d4f345-868f-41f8-9627-5e1ebda94f1c,2024-03-13T06:00:45.172Z,https://tubbytodd.com/2875564/orders/eb121f9a555b6467339edfc3d9cfb50f,,bert4recs1,DISCOFEED,5246179213372,2024-03-13T06:00:45.172Z,returning,display,5,,FALSE,FALSE,FALSE
7edf01d2-355d-48a4-82d6-013db30708e4,81bf534a-58d9-4aac-b4da-05b47e8def42,2024-03-09T15:21:05.58Z,https://tubbytodd.com/checkouts/cn/dcdf27c36fbb44b648794bab195844d4/thank_you,,bert4recs1,DISCOFEED,5242968571964,2024-03-09T15:21:05.58Z,returning,display,6,LUCKY20,FALSE,FALSE,FALSE
fb4e57ff-bd17-4d7f-8407-543e4b1a5c4f,42453945-ad51-4393-b9ff-b752bb4181e0,2024-03-09T15:34:38.078Z,https://viori.com/checkouts/cn/20e3046d98c06b1209521fa6ecbb41a3/thank_you,,bert4recs1,DISCOFEED,5244004663356,2024-03-09T15:34:38.078Z,returning,display,7,LUCKY20,FALSE,FALSE,FALSE
0ee5ecf8-17e7-415a-a3ec-d1368dbe2940,139f3347-0a50-4ca3-bbef-2e8b5fa542db,2024-03-09T15:44:07.642Z,https://www.coverfx.com/14801362/checkouts/212f85265896ca712ca5a70dceb744aa/thank_you,,bert4recs1,DISCOFEED,5243941683260,2024-03-09T15:44:07.642Z,new,display,7,LUCKY15,FALSE,TRUE,TRUE
015b703d-7f93-4feb-ae65-958cb22de601,6dc55cbd-e95e-43c6-a6b8-32358511a937,2024-03-16T01:50:53.884Z,https://www.amberjack.shop/26796589256/checkouts/2cf8aa949262d32e46db30e9574f68e6/thank_you,,bert4recs1,DISCOFEED,5243480866876,2024-03-16T01:50:53.884Z,returning,display,0,,FALSE,FALSE,FALSE
9674d403-d4e8-42ab-8e17-880850afb72f,9ca78833-79e7-4ec4-9cf7-d3065c2e6729,2024-03-16T01:55:00.152Z,https://tubbytodd.com/checkouts/cn/10c712587cb7ae2e05d2c67adb5c5350/thank_you,,bert4recs1,DISCOFEED,5243617574972,2024-03-16T01:55:00.152Z,new,display,0,LUCKY20,FALSE,TRUE,TRUE
af6dd045-54b9-424e-9836-b07de82fe847,47e0e84b-2ed6-4b3c-a5ff-9ed575f49849,2024-03-17T23:02:07.778Z,https://www.morphe.com/7378455/orders/ade6992f4087e165a98b38298272ace2,,bert4recs1,DISCOFEED,5245670457404,2024-03-17T23:02:07.778Z,new,display,1,,FALSE,TRUE,TRUE
5736523f-096f-45b3-9b69-6a9bf6553e7a,97306500-bf08-4f07-8a00-ba9a96e98dcb,2024-03-16T16:39:21.073Z,https://shop.liquid-iv.com/checkouts/c/f7f6fe647899a62af45f1def7f0550bb/thank_you,,bert4recs1,DISCOFEED,5244135342140,2024-03-16T16:39:21.073Z,new,display,0,LUCKY20,FALSE,TRUE,TRUE
d94bc8d9-8de4-4a8f-bbf5-5184028d7f6c,12e2d40b-72f9-4839-929b-b3dc38253400,2024-03-16T16:27:21.14Z,https://us.dollarshaveclub.com/56839438384/checkouts/7ea559fb775d0bea94f1dd584023c787/thank_you,,bert4recs1,DISCOFEED,5244450603068,2024-03-16T16:27:21.14Z,new,display,0,LUCKY20,FALSE,TRUE,TRUE
b1a36bde-d612-47ea-93e1-cbcbfb5a2164,97da425a-cfee-4c73-baf1-b296119e6c2c,2024-03-16T16:57:08.559Z,https://trynood.com/50811109560/orders/cda77032562858f1525d205148e55ebe,,contextual,LEAD_GEN,5244478259260,2024-03-16T16:57:08.559Z,new,display,0,,FALSE,FALSE,FALSE
936d5094-9e57-4216-8264-b994a921948b,161a966b-6132-454c-82da-4145491c06dc,2024-03-16T16:57:36.856Z,https://www.coverfx.com/14801362/checkouts/0f19b37a2f4375c2dbdcfe581ac5dd12/thank_you,,bert4recs1,DISCOFEED,5244430811196,2024-03-16T16:57:36.856Z,returning,display,0,LUCKY20,FALSE,TRUE,TRUE
2274f32a-edcc-4784-92e5-bffc8351760c,1e706e87-e306-4e0c-94f5-b515dee28b5f,2024-03-16T17:15:05.603Z,https://tubbytodd.com/2875564/orders/0382a9ab987a415bba148202036153d4,,bert4recs1,DISCOFEED,5244625485884,2024-03-16T17:15:05.603Z,returning,display,1,LUCKY20,FALSE,TRUE,FALSE
35348188-a1e2-4df6-b865-e738333cdbc9,92aafabc-7e26-43e2-ba4d-26fb13443059,2024-03-16T23:11:23.618Z,https://beachwaver.com/checkouts/co/3f186d36b514854ac1f20629f76c1bdd/thank_you,,contextual,DISCOFEED,5244517384252,2024-03-16T23:11:23.618Z,new,display,0,LUCKY20,FALSE,TRUE,TRUE
34124195-286c-407d-b9f9-0ec9aab8e2a3,d7db7681-7594-48fe-9356-e57633829885,2024-03-16T23:05:41.673Z,https://myserenitykids.com/checkouts/co/02632492d46bc19a516605646d702eed/thank_you,,bert4recs1,DISCOFEED,5246564728892,2024-03-16T23:05:41.673Z,new,display,2,LUCKY20,FALSE,FALSE,FALSE
0a4a8a7e-e1e2-4885-ada0-f521930a296a,0e091e46-94ed-47f6-a4c0-7c92353be388,2024-03-17T00:49:37.771Z,https://www.newtonbaby.com/7920323/orders/4bd80f1c6c7f0028811506d59442886a,,bert4recs1,DISCOFEED,5244948447292,2024-03-17T00:49:37.771Z,new,display,0,LUCKY20,FALSE,TRUE,FALSE
532917d1-0d89-494a-853b-a04c627afd5f,9678d99f-31f5-43ff-9ea7-ef8a50bc0244,2024-03-17T01:10:58.815Z,https://qalo.com/2011744/orders/cda72dd6cecc98c1ea966b6650bc3174,,contextual,DISCOFEED,5244789882940,2024-03-17T01:10:58.815Z,new,display,0,LUCKY20,FALSE,TRUE,TRUE
13548a08-b78a-4485-ba77-d12a8c42b9ae,13b665e9-fead-4977-9cc5-d4aebd938f8a,2024-03-08T22:22:53.496Z,https://shop.liquid-iv.com/13381013/orders/aad0a93fb7a11985b70f0e005ea8d61f,,bert4recs1,DISCOFEED,5242618708028,2024-03-08T22:22:53.496Z,returning,display,7,NSL35D86,FALSE,FALSE,TRUE
d51a08ff-9f14-4c01-a682-5b406c8a71bf,742787ab-9571-4f7d-b544-e0134b68ac5d,2024-03-11T01:07:46.978Z,https://checkout.tula.com/17369637/checkouts/fb85c70a02884efb2ffc3098724e8ca5/thank_you,,bert4recs1,DISCOFEED,5242638172220,2024-03-11T01:07:46.978Z,returning,display,4,LUCKY20,FALSE,FALSE,TRUE
5232aa68-a5e2-49de-8c27-72fa4cf64163,d5af54db-23a6-45bd-aee9-0b7d1d032b0d,2024-03-16T09:58:36.244Z,https://tubbytodd.com/2875564/orders/6b1a70103f5e99067da2934fb4b55d80,,bert4recs1,DISCOFEED,5243932213308,2024-03-16T09:58:36.244Z,new,display,0,LUCKY20,FALSE,TRUE,TRUE
640429fb-d9b4-47d9-908a-909b9f375a0d,ac44ca45-9f33-401d-b8dd-36b6fc334a9f,2024-03-16T14:42:50.708Z,https://thisisneeded.com/checkouts/co/5ae30a8585e8bdef53aaa393a77833ba/thank_you,,contextual,LEAD_GEN,5243981758524,2024-03-16T14:42:50.708Z,new,click,0,LUCKY20,FALSE,TRUE,TRUE
3a352a24-e9d6-4908-a058-8d67d53ebbeb,38501db3-2c18-41a1-bb2e-88e9266685dc,2024-03-11T18:56:48.183Z,https://gathre.com/checkouts/co/2f78672cd87e6dcbfad026ef32033cc6/thank_you,,bert4recs1,DISCOFEED,5244408922172,2024-03-11T18:56:48.183Z,returning,display,5,LUCKY20,FALSE,TRUE,TRUE
3a352a24-e9d6-4908-a058-8d67d53ebbeb,38501db3-2c18-41a1-bb2e-88e9266685dc,2024-03-11T18:56:48.183Z,https://gathre.com/checkouts/co/2f78672cd87e6dcbfad026ef32033cc6/thank_you,,bert4recs1,DISCOFEED,5244483043388,2024-03-11T18:56:48.183Z,returning,display,5,LUCKY20,FALSE,TRUE,TRUE
8479b510-5f35-4392-a1ed-feb39174a2d3,2caa9bf1-4a51-4fc0-b464-336269c16ca2,2024-03-11T19:05:28.052Z,https://tubbytodd.com/2875564/orders/eb4202b9d24ffa6f71ed6f02e68aee6e,,bert4recs1,DISCOFEED,5242944847932,2024-03-11T19:05:28.052Z,returning,display,4,LUCKY20,FALSE,TRUE,TRUE
f2ccd53b-9e8c-4649-b605-44cd89428b7c,9b1877df-0df4-45d0-b590-969ae11351b7,2024-03-12T01:15:39.662Z,https://www.newtonbaby.com/7920323/checkouts/252d6aeaf57d82440e293cbb231a433f/thank_you,,bert4recs1,DISCOFEED,5245645357116,2024-03-12T01:15:39.662Z,new,display,5,LUCKY20,FALSE,FALSE,FALSE
a4c22e73-0811-4397-8189-b10f9691f2c5,2d8ac880-cf36-4e50-b9ee-b43f279e07ec,2024-03-12T01:40:58.391Z,https://itsbodily.com/checkouts/cn/5c50dbb58fd8979c6c3d4b070b8aad62/thank_you,,bert4recs1,DISCOFEED,5243545124924,2024-03-12T01:40:58.391Z,new,display,4,LUCKY20,FALSE,TRUE,FALSE
b90b1c4a-d28f-43cb-9ee1-7c258e367cae,d7976249-e14f-40a8-aa5f-73c7894c7712,2024-03-11T16:52:27.148Z,https://www.loveinfaith.life/4215930947/orders/ebc412a395a87f0269f4aca14eff92cb,,bert4recs1,DISCOFEED,5245547642940,2024-03-11T16:52:27.148Z,new,display,6,,FALSE,TRUE,TRUE
5a897156-eb51-4ebb-a924-f410c690a709,757a1f81-a1ad-4929-aa17-ec7ea53ad3da,2024-03-14T19:29:55.886Z,https://www.littlewordsproject.com/checkouts/co/515fc9a14f0cfdc57f27ed5ea2bfc81a/thank_you,,contextual,LEAD_GEN,5245211410492,2024-03-14T19:29:55.886Z,new,display,3,LUCKY20,FALSE,FALSE,FALSE
1a9e03b0-344f-4fb5-87fa-0771c91fcf72,d589c2b7-dcda-4488-99ab-56be1534a873,2024-03-14T19:20:27.148Z,https://onceuponafarmorganics.com/18894791/checkouts/e5930d1ec3cc0092bc6d777629311b56/thank_you,,bert4recs1,DISCOFEED,5244096151612,2024-03-14T19:20:27.148Z,new,display,2,LUCKY20,FALSE,FALSE,TRUE
d9fda716-6b75-4dbc-9d33-7b00f366dcb2,87f3fbe8-ba34-4f8e-82a7-635af768d8b4,2024-03-13T22:44:36.633Z,https://byheart.com/checkouts/cn/ac11a8419fb6f14b6b61bf8b2654f62c/thank_you,,bert4recs1,DISCOFEED,5245683761212,2024-03-13T22:44:36.633Z,new,display,5,LUCKY20,FALSE,FALSE,TRUE
da5249a3-7760-4767-8681-e03022a4e466,1e9384b1-fb50-4080-9757-dd4a4afb2aea,2024-03-10T20:14:58.88Z,https://myserenitykids.com/19488169/checkouts/4712c25da7341087169b3a8fb2dd915f/thank_you,,bert4recs1,DISCOFEED,5245051142204,2024-03-10T20:14:58.88Z,lapsed,display,7,LUCKY20,FALSE,TRUE,FALSE
9e561b8f-ba06-4233-9c0d-38d68f441c45,5b0bdde1-2136-44e1-a8ea-169a25a2acbc,2024-03-15T18:49:47.051Z,https://tubbytodd.com/2875564/orders/ee27271c8aafc3c056aeca41e127ab42,,bert4recs1,DISCOFEED,5244006072380,2024-03-15T18:49:47.051Z,returning,display,1,LUCKY20,FALSE,TRUE,TRUE
8e3a5e46-5d9b-440f-adec-8e796422f472,cf1ad65b-d2f7-4322-8442-6b2fbe9f0bb8,2024-03-15T18:34:45.864Z,https://fullwellfertility.com/checkouts/co/ed94205098b8b842636032c44445748e/thank_you,,bert4recs1,DISCOFEED,5243069366332,2024-03-15T18:34:45.864Z,new,display,0,,FALSE,TRUE,TRUE
4c757bba-49d2-431f-911e-d28904eb83c2,799c6219-80db-4256-b835-2e1003dedc85,2024-03-12T18:47:39.423Z,https://www.loveinfaith.life/4215930947/orders/8570b9974db3f5ede6c5357813749d1f,,bert4recs1,DISCOFEED,5245842653244,2024-03-12T18:47:39.423Z,returning,display,6,LUCKY20,FALSE,TRUE,TRUE
a0f421dd-1a14-41d9-a154-ece253af7c6e,ff2ebaf1-054e-41c2-973e-2cf04157749f,2024-03-12T19:19:40.931Z,https://tubbytodd.com/2875564/orders/51941b115fc95f56d0103e086e6714a0,,bert4recs1,DISCOFEED,5244199239740,2024-03-12T19:19:40.931Z,returning,display,4,LUCKY20,FALSE,FALSE,TRUE
8127ff27-6064-43a2-911b-e14f56ef5078,097e13e8-e70c-4177-937f-381350d2b858,2024-03-12T19:44:20.373Z,https://janeiredale.com/33838825612/checkouts/e76235a2c7eb938cf298ee833ac1b6ef/thank_you,,bert4recs1,DISCOFEED,5243331772476,2024-03-12T19:44:20.373Z,lapsed,display,3,LUCKY20,FALSE,FALSE,TRUE
6509e9e1-24a6-424e-a08f-03bbc251b602,074e4e19-4f38-4eac-a190-7f7dc170a5b5,2024-03-12T19:46:00.554Z,https://checkout.tula.com/checkouts/co/5993e220f75d2a3b8b70e4c1f92d1c7b/thank_you,,bert4recs1,DISCOFEED,5245385637948,2024-03-12T19:46:00.554Z,returning,display,5,LUCKY20,FALSE,TRUE,TRUE
a08c9571-4d59-4219-ab8e-7b44f3bf3736,c05d77ac-1b76-4b20-af98-264fa244fbcb,2024-03-14T21:04:34.31Z,https://onceuponafarmorganics.com/18894791/orders/66c0b1905464c150509f2bc841774373,,bert4recs1,DISCOFEED,5242485997628,2024-03-14T21:04:34.31Z,returning,display,1,LUCKY20,FALSE,FALSE,TRUE
b70ebbb4-082e-46c2-8733-b9bfafeeed75,be013988-f655-48d6-87e7-f29711ee1a83,2024-03-17T18:52:23.916Z,https://tubbytodd.com/checkouts/cn/aff1bb3a5fd08ab3930bc1700294e5a8/thank_you,,bert4recs1,DISCOFEED,5245654270012,2024-03-17T18:52:23.916Z,returning,display,0,LUCKY20,FALSE,TRUE,TRUE
b70ebbb4-082e-46c2-8733-b9bfafeeed75,be013988-f655-48d6-87e7-f29711ee1a83,2024-03-17T18:52:23.916Z,https://tubbytodd.com/checkouts/cn/aff1bb3a5fd08ab3930bc1700294e5a8/thank_you,,bert4recs1,DISCOFEED,5245657219132,2024-03-17T18:52:23.916Z,returning,display,0,LUCKY20,FALSE,TRUE,TRUE
fde0a69e-4ad7-4238-832f-8d06861190df,075ffbc2-89dd-4978-b96c-e68695557f7a,2024-03-15T14:20:24.597Z,https://www.morphe.com/7378455/checkouts/5941241fcd96803bf99adc9bc388b019/thank_you,,bert4recs1,DISCOFEED,5242732380220,2024-03-15T14:20:24.597Z,returning,display,0,LUCKY20,FALSE,TRUE,TRUE
e93f59a9-cb51-4266-ace0-73f67560634a,301b0ba1-938b-4a23-8755-0338361a8257,2024-03-10T00:07:15.392Z,https://tubbytodd.com/checkouts/cn/31ba18113e70341891474083114aec47/thank_you,,bert4recs1,DISCOFEED,5243867627580,2024-03-10T00:07:15.392Z,new,display,6,LUCKY20,FALSE,FALSE,FALSE
45445192-c69d-46d7-9d70-5bdfd25f9aa8,2bc9d9ff-d81b-4a74-8bf2-87b99852e19e,2024-03-11T02:26:48.336Z,https://tubbytodd.com/checkouts/cn/4e95eec6ea489bcee86378f76817453f/thank_you,,bert4recs1,DISCOFEED,5244596682812,2024-03-11T02:26:48.336Z,returning,display,6,LUCKY20,FALSE,FALSE,FALSE
8abcb1bb-c707-4bdc-ac48-8c254de38540,bf52e65f-443f-48f5-b406-9ebad2e0e310,2024-03-13T19:54:06.073Z,https://tubbytodd.com/checkouts/cn/580f34b094b12f0a67b976ab0d4a949e/thank_you,,bert4recs1,DISCOFEED,5243984937020,2024-03-13T19:54:06.073Z,new,display,3,LUCKY20,FALSE,TRUE,TRUE
4cae31c5-60f6-4b34-b72f-b626c1cac4b2,8557ee37-6f17-4159-ba87-75e87ecbb476,2024-03-14T13:52:51.885Z,https://tubbytodd.com/2875564/orders/580936d72d0bcef6f44592edb942a02c,,bert4recs1,DISCOFEED,5245194371132,2024-03-14T13:52:51.885Z,new,display,3,LUCKY20,FALSE,FALSE,FALSE
9a185bcc-7b88-4ec9-9f3e-616eeaa04571,e03055af-6eed-4478-a113-cddc2bb8d117,2024-03-16T21:15:36.478Z,https://trynood.com/50811109560/orders/8197c94da6381dbdbdc639ab8b587e8f,,contextual,DISCOFEED,5244687941692,2024-03-16T21:15:36.478Z,new,display,1,LUCKY20,FALSE,TRUE,TRUE
d2bfdb9f-e8a4-4ae2-aee9-5071d7addf51,32dcd2a0-3312-4f01-902e-e159ca80e838,2024-03-16T23:54:34.595Z,https://tubbytodd.com/checkouts/cn/2184493cd34c21cf0a0dcc8536e365ca/thank_you,,bert4recs1,DISCOFEED,5244537602108,2024-03-16T23:54:34.595Z,returning,display,1,,FALSE,TRUE,TRUE
62d417a8-08af-4762-a8d7-b727fc8bac35,95c69aaa-58d5-426c-98fe-b539e7687ae1,2024-03-17T20:22:23.862Z,https://oliveandjune.com/26657478/orders/b8bbf7c709d0505a6256ac35bcc6cf0d,,contextual,DISCOFEED,5245757194300,2024-03-17T20:22:23.862Z,new,display,1,LUCKY20,FALSE,TRUE,TRUE
5a076f36-bd52-4d69-8ab3-0d30da2a4761,ec473c73-92d0-4497-a711-f8ba5fc45bbe,2024-03-17T19:38:33.717Z,https://babytula.com/1150582/checkouts/463985ad9283ca5be46c03208de2839a/thank_you,,bert4recs1,DISCOFEED,5246617845820,2024-03-17T19:38:33.717Z,new,display,1,LUCKY20,FALSE,FALSE,TRUE
5276bd54-3c7d-4ea1-9540-e61c1210ba0a,0ee50f22-c4f4-46f7-b447-386298b7acec,2024-03-17T19:56:20.491Z,https://checkout.tula.com/checkouts/co/db83a059e1290c724ac357fe8f88baa5/thank_you,,bert4recs1,DISCOFEED,5245736386620,2024-03-17T19:56:20.491Z,new,display,1,LUCKY20,FALSE,TRUE,TRUE
356ca4e8-ffe5-464f-9b7c-7b13c29c3011,e1f95de0-04af-456f-a439-cf7ee68be5e2,2024-03-17T20:02:28.97Z,https://itsbodily.com/checkouts/cn/821e7758e746a5efe6084e384cef382c/thank_you,,bert4recs1,DISCOFEED,5245470081084,2024-03-17T20:02:28.97Z,new,display,0,LUCKY20,FALSE,TRUE,TRUE
4b4d2e09-8f57-4d40-9ad7-b1b176ac799d,da01c9ce-8229-4376-a7b6-775d774441e3,2024-03-08T19:21:48.995Z,https://byheart.com/checkouts/cn/b3a2985ecaa13a89816ab3fda2af691b/thank_you,,bert4recs1,DISCOFEED,5243138506812,2024-03-08T19:21:48.995Z,new,display,7,LUCKY20,FALSE,TRUE,FALSE
b02c9ebe-180b-4c84-bc1b-9bd5faad66de,f03f5c13-3b08-4368-9d54-4d65da456bfa,2024-03-18T13:52:53.935Z,https://www.loveinfaith.life/4215930947/orders/57d9a59bd37f257925c9ea21ab757a85,,bert4recs1,DISCOFEED,5246640717884,2024-03-18T13:52:53.935Z,new,display,0,LUCKY20,FALSE,TRUE,TRUE
befd3e42-b52a-4c6b-8887-fb7e2f25170d,e41bda94-040b-4db3-ab7f-5fb6427971d9,2024-03-15T14:18:30.006Z,https://thisisneeded.com/checkouts/co/0d6b0f74fd5f8e5b26a82678f9fadc4c/thank_you,,bert4recs1,DISCOFEED,5243767586876,2024-03-15T14:18:30.006Z,new,display,1,LUCKY20,FALSE,TRUE,FALSE
5d931dd9-d354-4aee-afca-161f6dca7806,b55008e5-bd57-4eac-ab91-7fbde8c60feb,2024-03-11T16:40:33.701Z,https://www.moonglow.com/24863224/checkouts/82c244544c5f6bbf87cc4cc077d914f3/thank_you,,contextual,LEAD_GEN,5244109488188,2024-03-11T16:40:33.701Z,new,display,5,LUCKY20,FALSE,FALSE,FALSE
4fd15740-6a90-41f6-bd66-ffe15c6e790a,10378db2-3217-4805-889e-f16d41e0420c,2024-03-14T18:32:06.689Z,https://tubbytodd.com/checkouts/cn/4e6152c8dd4cee86de47998db5b07b70/thank_you,,bert4recs1,DISCOFEED,5246902698044,2024-03-14T18:32:06.689Z,new,display,4,LUCKY20,FALSE,TRUE,FALSE
66432fdf-7795-4b80-baaa-ba5e8e6cd9bb,0807ecb9-0a4c-4395-a7c4-5d25d930d0ef,2024-03-13T16:53:03.676Z,https://www.diviofficial.com/checkouts/co/ba29fe0652e1a4599911b043f70bced3/thank_you,,bert4recs1,DISCOFEED,5242096255036,2024-03-13T16:53:03.676Z,returning,display,2,LPVBOUY6GV,FALSE,FALSE,FALSE
ed589752-0803-44c8-a0d0-af60ca1430e2,63823255-7828-41a1-9c04-159af13ed882,2024-03-13T17:51:58.149Z,https://checkout.iliabeauty.com/1272332/checkouts/dfdaca189d3240143612ae614accd543/thank_you,,contextual,LEAD_GEN,5245554294844,2024-03-13T17:51:58.149Z,returning,display,4,LUCKY20,FALSE,FALSE,FALSE
b03cf85b-ad00-4a1e-8d12-598883f542cf,5c6d393b-c408-413c-8808-8dba2a876668,2024-03-15T02:47:09.54Z,https://tubbytodd.com/checkouts/cn/9d0b68fc9acda2c52e4b4f716e3600ac/thank_you,,bert4recs1,DISCOFEED,5244328706108,2024-03-15T02:47:09.54Z,returning,display,1,LUCKY20,FALSE,FALSE,FALSE
02f4e177-0f49-440b-8419-f8b3525d3612,ce771de2-784e-47d0-895d-e8218a27303f,2024-03-11T10:14:30.861Z,https://shop.onewillow.com/15958015/orders/672051b731aee0a26c2a1b674969ca28,,bert4recs1,DISCOFEED,5246403412028,2024-03-11T10:14:30.861Z,new,display,7,,FALSE,TRUE,TRUE
b8e6b933-0ef3-4318-8061-4fb62432d539,0e6259a0-a9e0-424e-b62b-3ba45d6d2fa2,2024-03-11T11:04:51.044Z,https://babytula.com/1150582/orders/75c71484fb7797121042b1758e2a660d,,bert4recs1,DISCOFEED,5242945929276,2024-03-11T11:04:51.044Z,new,display,4,20BABYBUNDLE,FALSE,FALSE,TRUE
92f87728-e49e-4659-a502-6cc51524b0f0,98ae4577-1032-42c5-a16d-1b0eb9db6a3c,2024-03-11T11:20:12.44Z,https://tubbytodd.com/checkouts/cn/8b4afedbcf435315ad9a6a267ba2ac23/thank_you,,bert4recs1,DISCOFEED,5243149156412,2024-03-11T11:20:12.44Z,returning,display,4,NEEDTHIS15,FALSE,FALSE,FALSE
29d39a9d-1892-47ff-8255-de1e8f80bcd3,3e3c3f5f-498a-4725-8ef7-b989ed4b9c68,2024-03-14T14:40:15.656Z,https://www.loveinfaith.life/checkouts/co/de5e0c97cc66320227c3d068461872ba/thank_you,,bert4recs1,DISCOFEED,5244510699580,2024-03-14T14:40:15.656Z,returning,display,2,LUCKY20,FALSE,FALSE,TRUE
6d7b2e8a-5055-4546-9054-03e9ed213663,5d48d9ce-9a6a-4a0a-9bfa-908fa75407fe,2024-03-14T14:37:24.31Z,https://beachwaver.com/4525481/orders/e56ac892abb612a1e7658700bbf5fc99,,bert4recs1,DISCOFEED,5246279188540,2024-03-14T14:37:24.31Z,new,display,4,LUCKY20,FALSE,FALSE,FALSE
0385df0d-2aeb-42e2-9e9a-499dd251dc37,99a0509d-02d1-49d0-8bfa-096869d32d00,2024-03-14T19:58:30.584Z,https://tubbytodd.com/2875564/orders/32ac347ec970dd106f41fb425e2180e3,,bert4recs1,DISCOFEED,5244999270460,2024-03-14T19:58:30.584Z,returning,display,3,LUCKY20,FALSE,FALSE,TRUE
09230e55-a4b9-4ac7-8b2c-6ea1903034c5,1dafd462-9e6f-408d-90ac-606dc1b4e9b4,2024-03-15T13:38:21.103Z,https://tubbytodd.com/2875564/orders/0382a9ab987a415bba148202036153d4,,bert4recs1,DISCOFEED,5243368079420,2024-03-15T13:38:21.103Z,returning,display,0,TOAST20,FALSE,FALSE,FALSE
075cae53-2669-4ee8-bcf4-46ea6e4efc5b,360d471c-9bb5-4a47-833f-932ed9e91a09,2024-03-13T12:56:01.248Z,https://www.loveinfaith.life/4215930947/orders/b5161b327f6b24364701267df1c3c335,,bert4recs1,DISCOFEED,5245783277628,2024-03-13T12:56:01.248Z,new,display,5,LUCKY20,FALSE,TRUE,TRUE
bc94dbe1-d889-4e6c-a1df-ae710128e488,0e826c43-c4ca-49d1-9f54-ec652a6bd317,2024-03-13T13:43:12.777Z,https://beachwaver.com/4525481/orders/e70d8aa030eb3d9e54eaf923de9b73f5,,bert4recs1,DISCOFEED,5246755340348,2024-03-13T13:43:12.777Z,returning,display,5,LUCKY20,FALSE,FALSE,FALSE
3152560e-ea34-4bc3-9313-9cce9a8b3a5c,8f6f9d77-8e92-45c6-a0c3-4d6ffad5b63f,2024-03-13T16:14:26.09Z,https://www.newtonbaby.com/7920323/checkouts/0720d9482335f5e86769db56d9256010/thank_you,,bert4recs1,DISCOFEED,5243059798076,2024-03-13T16:14:26.09Z,new,display,2,LUCKY20,FALSE,TRUE,TRUE
dc47a0d5-3196-43a3-8b7b-ad3d619a7a93,048781b9-87b9-4c99-9e8e-d05ea04798e3,2024-03-14T21:37:04.784Z,https://tubbytodd.com/2875564/orders/8e412cd76874449bfce314eeb9863c0c,,bert4recs1,DISCOFEED,5244766552124,2024-03-14T21:37:04.784Z,returning,display,3,LUCKY20,FALSE,TRUE,TRUE
8ed8670f-8c8d-4daf-a3ab-c4afd8234216,045ec68e-1a81-4d3c-bc8f-a09bddbfcab6,2024-03-14T22:52:54.376Z,https://www.morphe.com/7378455/orders/fe871ae203c46ddfcb0e5ac2382458ae,,contextual,DISCOFEED,5242138820668,2024-03-14T22:52:54.376Z,new,display,1,LUCKY20,FALSE,TRUE,TRUE
b267f293-02d1-4e3b-ab4d-6563ef2d5f90,52121e9e-cfde-43a7-beff-91bc100c6b32,2024-03-16T15:15:36.785Z,https://www.moonglow.com/24863224/checkouts/2923d04e4631b3dbb7e00ddf4f998b90/thank_you,,contextual,LEAD_GEN,5244194521148,2024-03-16T15:15:36.785Z,new,display,0,,FALSE,TRUE,TRUE
8d4bc2cf-95ee-4911-b555-a51460fba6ed,a5aafbb1-94b2-4621-b3ac-362b7030207c,2024-03-16T18:59:38.335Z,https://tubbytodd.com/checkouts/cn/4cfdc409b2f17e02753342f419a6c8fe/thank_you,,bert4recs1,DISCOFEED,5244463317052,2024-03-16T18:59:38.335Z,new,display,0,LUCKY20,FALSE,TRUE,TRUE
3cf54b0d-53af-4fcf-826f-5c8018a79b5b,e7554e26-c8ed-46c8-8fae-7bcac08f81b6,2024-03-16T18:46:07.084Z,https://itsbodily.com/checkouts/cn/e26fc7c12f10a164f1691e06c5cd271f/thank_you,,bert4recs1,DISCOFEED,5244230402108,2024-03-16T18:46:07.084Z,new,click,0,,FALSE,TRUE,TRUE
d22b282b-9c16-4e28-8056-e8215e96b5fd,a35cfe7e-4b6e-4edf-a864-e0aa5732c30b,2024-03-16T20:54:25.329Z,https://beachwaver.com/4525481/orders/49d652f9ee4499d3909e4d0c32b30919,,bert4recs1,DISCOFEED,5246888738876,2024-03-16T20:54:25.329Z,new,display,2,,FALSE,FALSE,FALSE
1deeefe3-fede-4ef4-9c2b-2b6e65fc3e6c,debb6576-0eda-4a11-91ac-3a40b6bb298a,2024-03-13T02:24:20.175Z,https://tubbytodd.com/checkouts/cn/a9f7d25eade4a94c61e2cf54d16d48b5/thank_you,,bert4recs1,DISCOFEED,5244375498812,2024-03-13T02:24:20.175Z,returning,display,3,,FALSE,FALSE,TRUE
48e89c7c-92a2-4d9c-91a6-97b204c2e124,137d461b-712b-4b36-b42f-28b752d731d7,2024-03-17T23:07:09.553Z,https://www.littlewordsproject.com/checkouts/co/7c1ce1e6a19fdacda7ff8a74cb910acc/thank_you,,bert4recs1,DISCOFEED,5245656301628,2024-03-17T23:07:09.553Z,returning,display,0,LUCKY20,FALSE,TRUE,TRUE
1e17707a-8346-482d-948e-c61da3fe7f8a,30eea5c1-10c7-477a-a2c1-85b5e730b9da,2024-03-10T21:56:40.385Z,https://primallypure.com/checkouts/co/490dee4be01a0f8fddce16f79bef0a1a/thank_you,,bert4recs1,DISCOFEED,5245227401276,2024-03-10T21:56:40.385Z,returning,display,7,LUCKY20,FALSE,TRUE,FALSE
e6f8ab54-85a2-4746-beb9-c70d4c8f0416,e55361dd-4445-4543-b0c1-5a80c8dd688c,2024-03-10T23:58:29.539Z,https://tubbytodd.com/checkouts/cn/4b100c1ae5aca64bc6762574eaada53b/thank_you,,bert4recs1,DISCOFEED,5242563297340,2024-03-10T23:58:29.539Z,returning,display,5,LUCKY20,FALSE,TRUE,TRUE
dd047c9a-59b5-46a8-8c0c-37115b1d4780,905428c7-2a38-4045-9ea2-6e7478c95023,2024-03-11T13:19:59.099Z,https://byheart.com/checkouts/cn/58974e839a71680d6915a843dcd19bc8/thank_you,,contextual,LEAD_GEN,5245269966908,2024-03-11T13:19:59.099Z,new,click,6,LUCKY20,FALSE,TRUE,FALSE
ad6a1406-f3e7-48e6-8e7a-78dd9677dec6,089c2433-dd1c-4562-8dd3-99e0b59409d6,2024-03-15T07:13:48.492Z,https://babyktan.com/checkouts/cn/3958f6e12d6430051eea4a5dae1573dd/thank_you,,bert4recs1,DISCOFEED,5242361577532,2024-03-15T07:13:48.492Z,new,click,0,HELLOVWW7DJW9,FALSE,TRUE,TRUE
2612de08-86a9-4e0f-9e42-4d23351e6742,af34eeab-ee83-442b-97b7-9d231ff41cb1,2024-03-15T08:22:52.411Z,https://babytula.com/1150582/orders/a6c0525064edc918fc14a21a6ae0b5b6,,bert4recs1,DISCOFEED,5245799923772,2024-03-15T08:22:52.411Z,new,display,3,LUCKY20,FALSE,TRUE,TRUE
0ee13271-41e4-494d-9669-2d2ad93871b1,b1fa62a6-97c6-4f4f-823b-a05eadac37fe,2024-03-15T09:32:00.905Z,https://www.loveinfaith.life/4215930947/orders/9eb1b3b07e7c31540ad5a412504f33a6,,bert4recs1,DISCOFEED,5242683752508,2024-03-15T09:32:00.905Z,returning,display,0,,FALSE,TRUE,TRUE
ee91078d-a66b-442b-8768-bc8ecfae14dc,0a729c0b-2b76-44b2-9286-8953f683d72f,2024-03-15T09:51:15.823Z,https://thisisneeded.com/19532939328/orders/83e1b382285b82b63609a025d8f30faf,,bert4recs1,DISCOFEED,5245769023548,2024-03-15T09:51:15.823Z,new,display,3,LUCKY20,FALSE,TRUE,TRUE
08b58f32-fde0-495c-a5f8-73d701a841f4,1f8e077a-ce89-43b5-89d2-a9020a1f885f,2024-03-17T17:18:54.718Z,https://itsbodily.com/checkouts/cn/84801175e458c2148740266634394b93/thank_you,,bert4recs1,DISCOFEED,5245292937276,2024-03-17T17:18:54.718Z,new,display,0,,FALSE,TRUE,FALSE
46bee275-c650-474f-a0f3-c9dd89ff7e62,b9f9fa20-0609-4710-acdd-00d9a9c695f6,2024-03-17T17:11:55.708Z,https://tubbytodd.com/2875564/orders/6e006cb2ec3e6306cb94e43365c60ccf,,bert4recs1,DISCOFEED,5245302898748,2024-03-17T17:11:55.708Z,lapsed,display,0,SAMANTHA20,FALSE,TRUE,TRUE
1e4b82e3-ab1d-4603-84bc-6532a4974a40,941402f6-0acb-4c7b-a046-eae0646d2fb9,2024-03-17T17:48:39.701Z,https://www.newtonbaby.com/checkouts/co/4ab38f1ccdebf3f434e58e2fa57c2d03/thank_you,,bert4recs1,DISCOFEED,5245900030012,2024-03-17T17:48:39.701Z,returning,display,1,LUCKY20,FALSE,FALSE,FALSE
1e4b82e3-ab1d-4603-84bc-6532a4974a40,941402f6-0acb-4c7b-a046-eae0646d2fb9,2024-03-17T17:48:39.701Z,https://www.newtonbaby.com/checkouts/co/4ab38f1ccdebf3f434e58e2fa57c2d03/thank_you,,bert4recs1,DISCOFEED,5245896753212,2024-03-17T17:48:39.701Z,returning,display,1,LUCKY20,FALSE,FALSE,FALSE
a289851d-a00d-4a11-b3fc-f8bddf253271,4bb70c2e-46e5-44b1-b957-bdb80dec2dfb,2024-03-17T18:05:05.594Z,https://www.beginningboutique.com/7793279033/checkouts/fc4fc86e0197bcae5b4804483d0b84ee/thank_you,,contextual,LEAD_GEN,5245426270268,2024-03-17T18:05:05.594Z,returning,display,0,,FALSE,TRUE,TRUE
abddad2e-b785-45b9-8df4-3387b6fc2de1,509f01d5-9e94-4635-96f8-4888a48dd8e4,2024-03-17T17:49:36.949Z,https://www.littlewordsproject.com/checkouts/co/eac5c3ea7c193e1e6be9a87b1cffe4b4/thank_you,,bert4recs1,DISCOFEED,5245311352892,2024-03-17T17:49:36.949Z,returning,display,0,LUCKY20,FALSE,TRUE,TRUE
95d539c3-ae82-4f0e-bd94-04620834a757,e5d5bfa7-37e2-431d-ab62-2f90f5ee9bce,2024-03-17T05:50:34.876Z,https://tubbytodd.com/checkouts/cn/d6891bf411e772e2d52245488bdb9bba/thank_you,,contextual,LEAD_GEN,5244884222012,2024-03-17T05:50:34.876Z,new,display,0,HELLOSNACK,FALSE,TRUE,TRUE
10642a25-44a0-47e9-806a-90997cabc5e3,6160f080-a498-4ae8-8c47-25bcdee558bb,2024-03-17T07:10:22.924Z,https://www.loveinfaith.life/4215930947/orders/7ca240780f6bd90c029e35954f2197fd,,bert4recs1,DISCOFEED,5244881207356,2024-03-17T07:10:22.924Z,new,click,0,,FALSE,TRUE,TRUE
59b2854e-ffce-4f8a-9a07-11faa7b60900,12feced0-8a0f-4e3d-80df-ece945f41ace,2024-03-17T08:26:11.88Z,https://shop.liquid-iv.com/checkouts/cn/7c7cf776bcf03dc09b292c7cf8c487ef/thank_you,,bert4recs1,DISCOFEED,5245022371900,2024-03-17T08:26:11.88Z,new,display,0,LUCKY20,FALSE,TRUE,TRUE
7387060b-3400-4d2a-a3bb-1b4271932e78,902b8967-9dd2-45a4-8cb1-6169bd92ddab,2024-03-16T12:42:09.097Z,https://itsbodily.com/9945841761/orders/eb36d71affbbb67d0e1a7ea03f510862,,bert4recs1,DISCOFEED,5246180950076,2024-03-16T12:42:09.097Z,new,click,2,,FALSE,TRUE,FALSE
befc2fea-b794-457f-9c48-11010b266b92,0f75b276-89f9-457d-9728-c6d67f5496b9,2024-03-16T13:16:28.822Z,https://itsbodily.com/9945841761/orders/c57ae1b2ffac351814c0d870b5add040,,bert4recs1,DISCOFEED,5245857693756,2024-03-16T13:16:28.822Z,new,display,2,LUCKY20,FALSE,TRUE,TRUE
2b5eb2bc-cac0-4eb0-902c-630e59e35d89,5a97325e-cbe0-4731-9c0b-fb3e19c89aaf,2024-03-12T17:24:42.748Z,https://tubbytodd.com/checkouts/cn/18b57b6f6900bb47b44949d485d4057d/thank_you,,bert4recs1,DISCOFEED,5243782430780,2024-03-12T17:24:42.748Z,returning,display,4,LUCKY20,FALSE,FALSE,FALSE
7fa0af68-a1d2-4968-8f93-cbf3e9c2e429,08e8743c-a979-44d8-94b4-061f44eb839d,2024-03-12T17:26:56.952Z,https://electricpicks.com/checkouts/co/fdc3908fe31d8ef4111ec1253822862c/thank_you,,bert4recs1,DISCOFEED,5245025124412,2024-03-12T17:26:56.952Z,new,display,5,LUCKY20,FALSE,FALSE,FALSE
0e2296b5-8a6a-45a0-b957-36a259c7e0cf,86a14520-376f-42d2-be0c-baf98e088aee,2024-03-12T18:06:30.561Z,https://onceuponafarmorganics.com/checkouts/co/526959d113c4e1fdd4f0d2ea54431c73/thank_you,,bert4recs1,DISCOFEED,5243959246908,2024-03-12T18:06:30.561Z,returning,display,4,LUCKY20,FALSE,FALSE,TRUE
99ccc15f-76fb-4a20-8e78-0adae751eff4,4a2a01f4-5b92-42d5-b9c7-69e1881fecb2,2024-03-12T18:13:54.954Z,https://onceuponafarmorganics.com/18894791/orders/b2a98d9f21feb5c4a8bef65897beac7e,,bert4recs1,DISCOFEED,5244659761212,2024-03-12T18:13:54.954Z,returning,display,5,LUCKY20,FALSE,FALSE,TRUE
42e25adb-56fd-485d-a8c1-5678b4d47e61,ccc32b26-bb3e-49f9-a78d-74f45ca92087,2024-03-17T00:05:16.075Z,https://www.newtonbaby.com/7920323/orders/1cfcc79bd6544ff7c68de31b2b9ab713,,contextual,LEAD_GEN,5245695688764,2024-03-17T00:05:16.075Z,new,display,1,LUCKY20,FALSE,TRUE,FALSE
7d1848ad-6cec-4ef7-b37f-dd7402122df9,8b893c58-c5e1-4c21-b48b-3c2415a78a29,2024-03-17T00:32:13.858Z,https://www.fuselenses.com/checkouts/cn/eaae2c91f62d366d56ac0ff5d4b6821b/thank_you,,contextual,LEAD_GEN,5245441441852,2024-03-17T00:32:13.858Z,lapsed,display,0,LUCKY20,FALSE,FALSE,TRUE
733381a8-74c9-4923-8e10-99e67550d363,b23707a2-e399-4384-9ef7-71bf69c55ce2,2024-03-17T03:29:35.294Z,https://tubbytodd.com/2875564/orders/7f36e3c7551a5fcc93035e567b362667,,bert4recs1,DISCOFEED,5246724833340,2024-03-17T03:29:35.294Z,new,display,1,LUCKY20,FALSE,FALSE,FALSE
5bea4f09-de05-4932-8481-e039960411da,d622c874-06c1-4d01-b192-9daba7bb424b,2024-03-16T12:20:06.784Z,https://otteroo.com/checkouts/cn/338fa65d4af8aaf9210f326b48ec0871/thank_you,,bert4recs1,DISCOFEED,5243965734972,2024-03-16T12:20:06.784Z,returning,display,0,LUCKY20,FALSE,TRUE,TRUE
b18eacf2-abb1-450c-9e4c-72d3229990f3,91f3d985-4f33-41ab-aa48-353fba57745d,2024-03-18T16:38:56.97Z,https://www.loveinfaith.life/4215930947/orders/87e694ef56650a7cfbbd24f3fa22f008,,waterfall_v1,DISCOFEED,5246506074172,2024-03-18T16:38:56.97Z,lapsed,display,0,CLVIP15,FALSE,TRUE,TRUE
c55942ab-1140-441b-833e-5224ad71994f,9cc4ffba-95ac-4f80-a3d7-b8833ea17d9a,2024-03-12T00:38:52.708Z,https://byheart.com/checkouts/cn/a6be3bb422fa348eb61a6a94be047b6e/thank_you,,bert4recs1,DISCOFEED,5243383349308,2024-03-12T00:38:52.708Z,returning,display,3,LUCKY20,FALSE,TRUE,FALSE
3875e978-d1d4-4826-be05-feb4bca16e4d,4781deed-d2ac-49e3-9da6-801286a7f649,2024-03-12T00:51:11.883Z,https://tubbytodd.com/checkouts/cn/b66ed659b527e76015bfa6973d9547e4/thank_you,,bert4recs1,DISCOFEED,5245034430524,2024-03-12T00:51:11.883Z,returning,display,5,BDAY-PXX7QB9R,FALSE,TRUE,TRUE
10d2f0e2-0341-4055-bf6d-535bb0390052,b42aa5bc-5fa4-495b-b7a7-a27f08e5ed2d,2024-03-12T02:35:26.548Z,https://tubbytodd.com/checkouts/cn/ee324f12518b38ac7758aaa8b3638e30/thank_you,,bert4recs1,DISCOFEED,5242109755452,2024-03-12T02:35:26.548Z,returning,display,3,,FALSE,FALSE,FALSE
d2788f44-e76e-42ce-b483-2ef2d8dbaac6,952172bb-2297-451e-ae6a-c57c1990a9c3,2024-03-16T16:02:31.717Z,https://www.newtonbaby.com/7920323/orders/685aa89377d3b3734ca705f58240fdea,,contextual,LEAD_GEN,5245342613564,2024-03-16T16:02:31.717Z,new,display,1,LUCKY20,FALSE,FALSE,FALSE
14dd5c29-8742-459d-91f1-26b8312d58e0,b559a79d-7ef5-4410-be79-1b68ed0757e9,2024-03-14T20:17:53.893Z,https://tubbytodd.com/2875564/orders/84d59dbfd1b1a941ef89d2aaa1b655b3,,bert4recs1,DISCOFEED,5243819130940,2024-03-14T20:17:53.893Z,returning,display,2,LUCKY20,FALSE,TRUE,TRUE
d82a9e9f-dd25-4181-89e6-187a763c7323,0892af2a-2bd3-4e61-ae5a-071ca96e79ef,2024-03-17T21:38:10.7Z,https://tubbytodd.com/2875564/orders/0e27573dec68dbef34a118ddcf04fdbc,,bert4recs1,DISCOFEED,5245733994556,2024-03-17T21:38:10.7Z,returning,display,1,LUCKY20,FALSE,TRUE,TRUE
ea35fa6a-064a-46de-85e8-fcd9fbb2a9f1,eaa4798b-a559-4137-9f60-e131a51e98e8,2024-03-15T20:47:05.256Z,https://oliveandjune.com/checkouts/cn/69dc0be9445cf42fb89c747ae898e5fb/thank_you,,bert4recs1,DISCOFEED,5244000305212,2024-03-15T20:47:05.256Z,returning,display,1,LUCKY20,FALSE,FALSE,FALSE
8ea5af89-4893-47cc-a04c-dc0a41da3dbd,b7da25dd-3043-479f-b100-cb6c784a296f,2024-03-15T21:02:12.413Z,https://qalo.com/2011744/checkouts/5cfd738523f5f032726efd689004a185/thank_you,,bert4recs1,DISCOFEED,5243240611900,2024-03-15T21:02:12.413Z,returning,display,0,LUCKY20,FALSE,FALSE,TRUE
333c61db-71a9-4e1d-93f7-0787b812f8fe,d61342c7-6296-4047-8361-89b8a8135455,2024-03-15T21:03:13.159Z,https://www.newtonbaby.com/7920323/orders/cd7ea3688dff5362b1bd025213a51356,,contextual,LEAD_GEN,5245703422012,2024-03-15T21:03:13.159Z,new,display,3,LUCKY20,FALSE,TRUE,TRUE
a556423e-afae-4cb8-b460-5eb217a9a370,0fdbde8b-9e2c-4510-ad48-e6a521859764,2024-03-15T21:17:46.787Z,https://tubbytodd.com/checkouts/cn/cb86ccb149359054afea3457ee48dff0/thank_you,,contextual,LEAD_GEN,5244401451068,2024-03-15T21:17:46.787Z,new,display,1,LUCKY20,FALSE,TRUE,TRUE
5d896c4e-2cff-47aa-ba83-5f608e4e7dc1,1b28b916-b88a-446c-bebb-1cc043a62bc5,2024-03-15T22:12:37.744Z,https://www.newtonbaby.com/7920323/orders/bd1ca2370fb724ecaffee97bba90f707,,bert4recs1,DISCOFEED,5243540504636,2024-03-15T22:12:37.744Z,new,display,1,LUCKY20,FALSE,TRUE,TRUE
5d896c4e-2cff-47aa-ba83-5f608e4e7dc1,1b28b916-b88a-446c-bebb-1cc043a62bc5,2024-03-15T22:12:37.744Z,https://www.newtonbaby.com/7920323/orders/bd1ca2370fb724ecaffee97bba90f707,,bert4recs1,DISCOFEED,5244322644028,2024-03-15T22:12:37.744Z,returning,display,1,LUCKY20,FALSE,TRUE,TRUE
226f6073-bbb6-4fa2-aa52-e24529f13247,b6dd0b66-e13b-4796-a707-f76f7c4842ef,2024-03-16T03:17:06.895Z,https://gathre.com/6925295/orders/aaa93fefa7a91bffe9e1f8ce089bd186,,bert4recs1,DISCOFEED,5245727342652,2024-03-16T03:17:06.895Z,returning,display,2,LUCKY20,FALSE,TRUE,FALSE
50766086-cf61-40d4-8041-9f18a8ff8522,159eb531-b62b-4319-b156-d6d9be8dadcb,2024-03-11T00:33:42.319Z,https://babytula.com/1150582/orders/f5396bcd87e17e291c4ed76c1a013d10,,bert4recs1,DISCOFEED,5245795762236,2024-03-11T00:33:42.319Z,returning,display,7,LUCKY20,FALSE,FALSE,FALSE
aed60679-1572-4d72-8070-e4d3303d9e14,c529cf4c-d987-436c-ac0e-f8095503f6b2,2024-03-16T14:14:15.973Z,https://vegamour.com/13360857/checkouts/6297334dbce93b5280bbb7df556de714/thank_you,,contextual,LEAD_GEN,5244138815548,2024-03-16T14:14:15.973Z,new,display,0,,FALSE,TRUE,TRUE
3e032f1e-9d6d-4e7c-b35d-0747ba1bd28d,bbb51993-3cc1-4e77-88fb-0b04f80b85fd,2024-03-14T21:16:15.84Z,https://beachwaver.com/4525481/orders/c83d2654fb0982073cd1c9284400d717,,bert4recs1,DISCOFEED,5243196506172,2024-03-14T21:16:15.84Z,new,display,1,LUCKY20,FALSE,FALSE,FALSE
a586f40c-613c-4ac4-8b6f-23ecdb86032f,d0cc6d42-fb9b-42dd-bf88-4577c6036cbe,2024-03-14T22:06:33.13Z,https://fullwellfertility.com/15629025328/orders/9834bf435f1a43d9083718cf9b69eeb2,,bert4recs1,DISCOFEED,5242561232956,2024-03-14T22:06:33.13Z,new,display,1,LUCKY20,FALSE,FALSE,FALSE
b8921f39-7c55-4e89-a952-0007def7c5f3,4e983319-68ef-44f0-a208-d7743a330ba7,2024-03-14T23:11:33.403Z,https://oliveandjune.com/checkouts/cn/79cfdbe731be1424b27796c4b095ece3/thank_you,,bert4recs1,DISCOFEED,5243124482108,2024-03-14T23:11:33.403Z,returning,display,1,SAMANTHA20,FALSE,TRUE,TRUE
8e3fd7cb-c2a2-4a11-b51f-0acf38fd7bf9,04b6ccd5-d272-4cf0-a480-c9dbb3c128e1,2024-03-16T15:06:02.721Z,https://molekule.com/70884294938/checkouts/e10504443afb45e295e0e6c777afee7f/thank_you,,contextual,LEAD_GEN,5244153528380,2024-03-16T15:06:02.721Z,new,display,0,,FALSE,TRUE,TRUE
8c56a912-5403-43c7-bff3-9cfaac49e310,efa1dd15-3c67-4263-a8e7-5281175065a6,2024-03-17T20:26:19.078Z,https://www.newtonbaby.com/7920323/orders/4933693c1de2aa3e1fb5ca1a808daa51,,bert4recs1,DISCOFEED,5245591912508,2024-03-17T20:26:19.078Z,returning,display,0,LUCKY20,FALSE,TRUE,TRUE
c4a8d011-2f5b-4808-8fd2-019b5d5a11cd,143305c3-4503-42a6-9b0e-228e855d0472,2024-03-17T21:14:00.611Z,https://tubbytodd.com/checkouts/cn/71a34c6c6b36a90e17e48f17b90678cc/thank_you,,bert4recs1,DISCOFEED,5245529030716,2024-03-17T21:14:00.611Z,new,click,0,LUCKY20,FALSE,FALSE,TRUE
1523190f-ecf4-4dc1-bcdd-d0e2cf314050,831905c7-18c5-4145-8a03-9f6b31b4bd9c,2024-03-17T21:31:06.609Z,https://tubbytodd.com/2875564/orders/c91eae8f95b14c3129b3f40b441eb18b,,bert4recs1,DISCOFEED,5245571039292,2024-03-17T21:31:06.609Z,new,display,0,LUCKY20,FALSE,TRUE,TRUE
d130df07-6875-41ee-882d-af104ebd3dc7,4a0f7b98-7da5-4949-96e7-7b88dab597c0,2024-03-18T16:52:16.895Z,https://tubbytodd.com/checkouts/cn/4c9bd9119ff848fe6e96edf300bf943e/thank_you,,bert4recs1,DISCOFEED,5246732861500,2024-03-18T16:52:16.895Z,returning,display,0,LUCKY20,FALSE,TRUE,TRUE
741591ab-7877-43b9-aab3-153dc7d886fd,48f623c2-979d-42bd-be1d-8b936cb1a619,2024-03-18T17:02:33.214Z,https://www.newtonbaby.com/7920323/checkouts/8b243ae509660a2ac727e13946734283/thank_you,,bert4recs1,DISCOFEED,5246513086524,2024-03-18T17:02:33.214Z,new,click,0,LUCKY20,FALSE,TRUE,TRUE
8759d051-f993-4f39-abd6-093778f9c89a,8d731203-a901-4bb8-8c73-c2b33352caeb,2024-03-13T01:54:32.763Z,https://shop.onewillow.com/checkouts/co/f4c58d6299a4c389bc8acde27d282d5f/thank_you,,bert4recs1,DISCOFEED,5245833838652,2024-03-13T01:54:32.763Z,returning,display,5,LUCKY20,FALSE,TRUE,TRUE
7017596c-3d15-4629-bcba-f26eb754b866,ec03dad1-f67d-409d-8b67-309ea8d9e180,2024-03-13T01:47:53.197Z,https://primallypure.com/checkouts/co/6c40110d1d7422795a9228423dcaa541/thank_you,,bert4recs1,DISCOFEED,5244940714044,2024-03-13T01:47:53.197Z,returning,display,4,LUCKY20,FALSE,FALSE,TRUE
7d81cc1d-0b0e-4817-8e82-e1c3f6d4c4b3,7e5406c8-887f-4f8a-a829-380764586c60,2024-03-15T14:45:11.335Z,https://badbirdiegolf.com/checkouts/cn/13e86ed14945a7f008f482366aeea9f2/thank_you,,bert4recs1,DISCOFEED,5242895040572,2024-03-15T14:45:11.335Z,returning,display,0,,FALSE,TRUE,FALSE
78fea381-36e2-44fd-b66c-3ec7fc098d19,389d8232-7c28-4af0-b436-4e4dab7823d4,2024-03-15T14:46:57.786Z,https://thisisneeded.com/19532939328/checkouts/9b98255dc742cb52dfd918a09cbfe305/thank_you,,bert4recs1,DISCOFEED,5246704255036,2024-03-15T14:46:57.786Z,returning,display,3,,FALSE,FALSE,FALSE
3e9629dd-8c24-4058-8d16-0a17bfc2cd64,c3f19f02-6bb3-4dbc-8f3d-407e8d609ca9,2024-03-12T01:29:32.934Z,https://beachwaver.com/4525481/orders/157cd816ba8f9ade0ef3dce1a4c027d0,,bert4recs1,DISCOFEED,5242031833148,2024-03-12T01:29:32.934Z,returning,display,3,LUCKY20,FALSE,FALSE,TRUE
3e9629dd-8c24-4058-8d16-0a17bfc2cd64,c3f19f02-6bb3-4dbc-8f3d-407e8d609ca9,2024-03-12T01:29:32.934Z,https://beachwaver.com/4525481/orders/157cd816ba8f9ade0ef3dce1a4c027d0,,bert4recs1,DISCOFEED,5242031833148,2024-03-12T01:29:32.934Z,returning,display,3,LUCKY20,FALSE,FALSE,TRUE
51d78549-ba57-4e1b-9757-e8f768e12f18,df0a7f3f-88be-4fd8-adf5-0ba5b6ffad66,2024-03-12T02:05:22.358Z,https://oliveandjune.com/26657478/orders/8fbd81827d5096d33f3f3f547348bc39,,bert4recs1,DISCOFEED,5246696194108,2024-03-12T02:05:22.358Z,returning,display,6,LPGMQII8IY,FALSE,TRUE,TRUE
