"SOURCE_DATE","WIDGET_TYPE","ML_MODEL","EVENT_CLASSIFICATION","CUSTOMER_TYPE","CONV_COUNT","AD_SPEND"
"2024-01-01",,,"display","lapsed","20",713
"2024-01-01",,,"click","returning","7",57
"2024-01-01",,,"click","lapsed","1",0.01
"2024-01-01",,,"display","returning","183",2060.45
"2024-01-01",,,"click","new","35",1081.51
"2024-01-01",,,"display","new","133",4157.52
"2024-01-02",,,"click","new","41",1240.02
"2024-01-02",,,"display","new","249",6970.99
"2024-01-02",,,"click","lapsed","3",90
"2024-01-02",,,"display","returning","289",3360.45
"2024-01-02",,,"display","lapsed","23",846.29
"2024-01-02",,,"click","returning","10",98
"2024-01-03",,,"display","returning","327",3496.32
"2024-01-03",,,"click","new","46",1633.01
"2024-01-03",,,"display","new","235",5969.83
"2024-01-03",,,"display","lapsed","19",513
"2024-01-03",,,"click","returning","22",269.72
"2024-01-03",,,"click","lapsed","5",135
"2024-01-04",,,"click","lapsed","4",87
"2024-01-04",,,"display","returning","326",3295.96
"2024-01-04",,,"display","new","249",6066.24
"2024-01-04",,,"click","returning","6",53
"2024-01-04",,,"click","new","43",1267.5
"2024-01-04",,,"display","lapsed","23",665.02
"2024-01-05",,,"click","returning","11",80
"2024-01-05",,,"click","new","44",1447.01
"2024-01-05",,,"display","new","206",4999.66
"2024-01-05",,,"display","lapsed","36",953.5
"2024-01-05",,,"display","returning","300",3193.7
"2024-01-06",,,"click","returning","13",206
"2024-01-06",,,"display","lapsed","15",380
"2024-01-06",,,"display","returning","273",2839.52
"2024-01-06",,,"click","new","53",1415.02
"2024-01-06",,,"display","new","150",3363.35
"2024-01-06",,,"click","lapsed","8",241
"2024-01-07",,,"click","new","47",1479.5
"2024-01-07",,,"display","returning","244",2406.98
"2024-01-07",,,"click","returning","26",136
"2024-01-07",,,"display","lapsed","25",712.01
"2024-01-07",,,"display","new","174",4682.8
"2024-01-07",,,"click","lapsed","4",128
"2024-01-08",,,"display","lapsed","28",634
"2024-01-08",,,"click","lapsed","6",155
"2024-01-08",,,"display","new","216",5170.25
"2024-01-08",,,"click","new","32",1017
"2024-01-08",,,"click","returning","14",128
"2024-01-08",,,"display","returning","250",2691.97
"2024-01-09",,,"display","lapsed","20",629
"2024-01-09",,,"display","new","217",4675.69
"2024-01-09",,,"display","returning","282",2903.37
"2024-01-09",,,"click","new","36",1305
"2024-01-09",,,"click","returning","20",152
"2024-01-09",,,"click","lapsed","2",50
"2024-01-10",,,"click","new","30",1105
"2024-01-10",,,"click","lapsed","3",77
"2024-01-10",,,"display","returning","250",1997.94
"2024-01-10",,,"click","returning","18",115
"2024-01-10",,,"display","lapsed","19",497
"2024-01-10",,,"display","new","215",4761.66
"2024-01-11",,,"click","returning","18",297
"2024-01-11",,,"click","lapsed","1",150
"2024-01-11",,,"click","new","32",930
"2024-01-11",,,"display","returning","251",2493.98
"2024-01-11",,,"display","lapsed","27",651
"2024-01-11",,,"display","new","187",3603.02
"2024-01-12",,,"display","returning","245",2261.46
"2024-01-12",,,"display","new","199",4407.5
"2024-01-12",,,"display","lapsed","27",996
"2024-01-12",,,"click","lapsed","1",50
"2024-01-12",,,"click","new","36",1070.51
"2024-01-12",,,"click","returning","10",82
"2024-01-13",,,"click","new","32",869.01
"2024-01-13",,,"display","returning","198",1803.73
"2024-01-13",,,"display","new","185",3512.33
"2024-01-13",,,"display","lapsed","23",513
"2024-01-13",,,"click","returning","9",81
"2024-01-13",,,"click","lapsed","5",255
"2024-01-14",,,"click","returning","15",180.01
"2024-01-14",,,"display","returning","199",1832.97
"2024-01-14",,,"click","lapsed","4",160
"2024-01-14",,,"display","lapsed","24",605
"2024-01-14",,,"click","new","38",1115.01
"2024-01-14",,,"display","new","139",2685
"2024-01-15",,,"display","lapsed","27",818
"2024-01-15",,,"click","lapsed","3",110
"2024-01-15",,,"click","returning","15",160
"2024-01-15",,,"display","new","176",3569.51
"2024-01-15",,,"click","new","32",791.01
"2024-01-15",,,"display","returning","243",1997.72
"2024-01-16",,,"click","returning","6",54
"2024-01-16",,,"display","returning","286",2723.18
"2024-01-16",,,"click","new","33",790
"2024-01-16",,,"display","lapsed","24",760
"2024-01-16",,,"display","new","212",4590.3
"2024-01-17","DISCOFEED",,"click","returning","3",5
"2024-01-17",,,"click","returning","10",71
"2024-01-17",,,"display","new","205",3222.58
"2024-01-17",,,"click","lapsed","3",55
"2024-01-17",,,"click","new","23",863
"2024-01-17","DISCOFEED",,"display","new","26",375
"2024-01-17",,,"display","returning","223",2208.67
"2024-01-17","DISCOFEED",,"display","returning","30",287
"2024-01-17",,,"display","lapsed","23",564
"2024-01-17","DISCOFEED",,"display","lapsed","2",33
"2024-01-17","DISCOFEED",,"click","new","4",147
"2024-01-18",,,"display","returning","14",117
"2024-01-18","DISCOFEED",,"display","lapsed","26",896
"2024-01-18",,,"display","lapsed","2",50
"2024-01-18","DISCOFEED",,"click","lapsed","1",50
"2024-01-18","DISCOFEED",,"display","new","148",3798.75
"2024-01-18","DISCOFEED",,"click","returning","13",105
"2024-01-18","DISCOFEED",,"click","new","29",885
"2024-01-18","DISCOFEED",,"display","returning","262",2560.74
"2024-01-18",,,"display","new","12",78
"2024-01-19",,,"display","new","4",88
"2024-01-19","DISCOFEED",,"click","lapsed","5",160
"2024-01-19","DISCOFEED",,"click","returning","7",21
"2024-01-19","DISCOFEED",,"display","returning","276",2780.16
"2024-01-19","DISCOFEED",,"click","new","34",789.01
"2024-01-19","DISCOFEED",,"display","lapsed","24",669
"2024-01-19","DISCOFEED",,"display","new","164",4345.79
"2024-01-19",,,"display","returning","8",47.97
"2024-01-20","DISCOFEED",,"display","new","140",5059.51
"2024-01-20","DISCOFEED",,"display","returning","263",2816.76
"2024-01-20","DISCOFEED",,"click","new","36",1057
"2024-01-20","DISCOFEED",,"click","returning","11",116
"2024-01-20",,,"display","new","8",212
"2024-01-20",,,"display","returning","2",15
"2024-01-20",,,"display","lapsed","1",3
"2024-01-20","DISCOFEED",,"display","lapsed","33",1544.01
"2024-01-20","DISCOFEED",,"click","lapsed","1",30
"2024-01-21",,,"display","returning","7",42
"2024-01-21","DISCOFEED",,"click","lapsed","3",100
"2024-01-21",,,"display","new","7",271
"2024-01-21","DISCOFEED",,"display","new","147",4340.11
"2024-01-21","DISCOFEED",,"display","returning","222",2073.02
"2024-01-21","DISCOFEED",,"click","new","31",1159.01
"2024-01-21","DISCOFEED",,"click","returning","17",176.02
"2024-01-21","DISCOFEED",,"display","lapsed","23",979
"2024-01-22","DISCOFEED",,"click","lapsed","6",185.75
"2024-01-22","DISCOFEED",,"display","lapsed","28",784
"2024-01-22","DISCOFEED",,"click","new","43",1254.76
"2024-01-22",,,"display","lapsed","1",50
"2024-01-22","DISCOFEED",,"click","returning","17",207.72
"2024-01-22","DISCOFEED",,"display","returning","249",2400.42
"2024-01-22",,,"display","new","7",66.25
"2024-01-22",,,"display","returning","7",40
"2024-01-22","DISCOFEED",,"display","new","176",4968.59
"2024-01-23","DISCOFEED",,"display","returning","214",2977.17
"2024-01-23","DISCOFEED",,"click","returning","18",209
"2024-01-23",,,"display","new","9",299.5
"2024-01-23","DISCOFEED",,"display","new","163",4992.08
"2024-01-23","DISCOFEED",,"display","lapsed","21",807
"2024-01-23",,,"display","returning","6",57
"2024-01-23","DISCOFEED",,"click","new","31",806.76
"2024-01-23","DISCOFEED",,"click","lapsed","1",20
"2024-01-24",,,"display","returning","4",55
"2024-01-24",,,"display","new","4",79.5
"2024-01-24","LEAD_GEN",,"display","returning","5",64
"2024-01-24","LEAD_GEN",,"display","new","5",126
"2024-01-24","DISCOFEED",,"click","lapsed","4",115
"2024-01-24","DISCOFEED",,"display","lapsed","15",405
"2024-01-24","DISCOFEED",,"display","new","119",3578
"2024-01-24","DISCOFEED",,"click","returning","15",168
"2024-01-24","DISCOFEED",,"click","new","27",945
"2024-01-24","LEAD_GEN",,"click","new","5",75
"2024-01-24","DISCOFEED",,"display","returning","159",2096.71
"2024-01-24",,,"display","lapsed","1",0
"2024-01-25",,,"display","lapsed","1",15
"2024-01-25","LEAD_GEN",,"display","lapsed","3",107
"2024-01-25","LEAD_GEN",,"click","new","12",256
"2024-01-25",,,"display","returning","4",45
"2024-01-25","LEAD_GEN",,"display","new","5",136
"2024-01-25","DISCOFEED",,"display","returning","130",1425.65
"2024-01-25","LEAD_GEN",,"click","lapsed","1",20
"2024-01-25","DISCOFEED",,"display","lapsed","18",539.29
"2024-01-25","LEAD_GEN",,"display","returning","15",255
"2024-01-25","DISCOFEED",,"click","new","24",784.01
"2024-01-25",,,"display","new","6",188
"2024-01-25","DISCOFEED",,"click","returning","4",39.96
"2024-01-25","LEAD_GEN",,"click","returning","2",20
"2024-01-25","DISCOFEED",,"display","new","91",2399.25
"2024-01-26",,,"display","new","9",79
"2024-01-26","LEAD_GEN",,"click","returning","3",60
"2024-01-26","LEAD_GEN",,"display","returning","14",200
"2024-01-26",,,"display","returning","4",48
"2024-01-26","DISCOFEED",,"display","returning","165",1957.94
"2024-01-26","DISCOFEED",,"click","returning","10",101
"2024-01-26","DISCOFEED",,"display","lapsed","7",247
"2024-01-26","LEAD_GEN",,"display","new","7",149
"2024-01-26","DISCOFEED",,"display","new","89",2718.01
"2024-01-26","LEAD_GEN",,"display","lapsed","2",64
"2024-01-26","LEAD_GEN",,"click","new","10",237
"2024-01-26","DISCOFEED",,"click","new","30",865.75
"2024-01-26","DISCOFEED",,"click","lapsed","5",145
"2024-01-27","DISCOFEED",,"display","returning","160",2294.66
"2024-01-27",,,"display","lapsed","1",50
"2024-01-27","DISCOFEED",,"click","returning","14",97.98
"2024-01-27","DISCOFEED",,"click","new","41",1034.77
"2024-01-27",,,"display","returning","2",17
"2024-01-27",,,"display","new","10",214.25
"2024-01-27","DISCOFEED",,"display","lapsed","20",635
"2024-01-27","DISCOFEED",,"display","new","110",3220.5
"2024-01-27","DISCOFEED",,"click","lapsed","1",35
"2024-01-28","DISCOFEED",,"display","lapsed","18",677
"2024-01-28","DISCOFEED",,"click","new","38",1206
"2024-01-28",,,"display","new","1",10
"2024-01-28","DISCOFEED",,"display","new","104",3655
"2024-01-28","DISCOFEED",,"click","returning","19",171
"2024-01-28","DISCOFEED",,"display","returning","157",1991.18
"2024-01-28",,,"display","returning","2",22
"2024-01-28","DISCOFEED",,"click","lapsed","2",60
"2024-01-29","DISCOFEED",,"display","returning","169",2280.85
"2024-01-29","DISCOFEED",,"display","lapsed","22",688
"2024-01-29","DISCOFEED",,"click","returning","8",113
"2024-01-29","DISCOFEED",,"click","new","28",793.76
"2024-01-29","DISCOFEED",,"display","new","123",3596.26
"2024-01-29",,,"display","returning","8",90
"2024-01-29","DISCOFEED",,"click","lapsed","2",48
"2024-01-29",,,"click","new","1",7
"2024-01-29",,,"display","new","3",83
"2024-01-30","DISCOFEED",,"display","returning","153",2282
"2024-01-30","DISCOFEED",,"display","new","92",2636.53
"2024-01-30",,,"display","new","4",86
"2024-01-30","DISCOFEED",,"click","lapsed","3",48.29
"2024-01-30","DISCOFEED",,"click","new","42",1212.5
"2024-01-30","DISCOFEED",,"display","lapsed","19",600
"2024-01-30",,,"display","returning","3",55
"2024-01-30","DISCOFEED",,"click","returning","11",141
"2024-01-31","DISCOFEED",,"click","lapsed","4",107
"2024-01-31","DISCOFEED",,"display","new","129",4014.25
"2024-01-31","DISCOFEED",,"display","lapsed","19",723.01
"2024-01-31","DISCOFEED",,"display","returning","168",2031.38
"2024-01-31","DISCOFEED",,"click","returning","19",274
"2024-01-31",,,"display","returning","11",144
"2024-01-31",,,"display","new","4",80
"2024-01-31","DISCOFEED",,"click","new","50",1612.6
"2024-02-01","DISCOFEED",,"display","lapsed","18",644.1
"2024-02-01","DISCOFEED",,"click","returning","19",245.98
"2024-02-01","DISCOFEED",,"click","lapsed","3",105
"2024-02-01","DISCOFEED",,"display","returning","159",1987.96
"2024-02-01",,,"display","new","6",166
"2024-02-01",,,"display","returning","2",30
"2024-02-01","DISCOFEED",,"display","new","129",3658.46
"2024-02-01","DISCOFEED",,"click","new","23",655
"2024-02-02",,,"display","returning","9",95.98
"2024-02-02","DISCOFEED",,"click","returning","13",146
"2024-02-02","DISCOFEED",,"click","lapsed","2",50
"2024-02-02","DISCOFEED",,"click","new","29",906.75
"2024-02-02","DISCOFEED",,"display","lapsed","13",335.02
"2024-02-02","DISCOFEED",,"display","new","109",3119.03
"2024-02-02",,,"display","new","2",73
"2024-02-02","DISCOFEED",,"display","returning","190",2430.66
"2024-02-03",,,"display","new","5",131
"2024-02-03","DISCOFEED",,"click","new","36",1070.5
"2024-02-03",,,"display","returning","2",11
"2024-02-03","DISCOFEED",,"display","new","95",2858.02
"2024-02-03","DISCOFEED",,"display","returning","145",1920.19
"2024-02-03","DISCOFEED",,"display","lapsed","16",498
"2024-02-03","DISCOFEED",,"click","returning","9",135
"2024-02-04",,,"display","new","5",178
"2024-02-04","DISCOFEED",,"display","new","104",3240
"2024-02-04","DISCOFEED",,"click","returning","19",240.98
"2024-02-04","DISCOFEED",,"display","lapsed","12",361
"2024-02-04","DISCOFEED",,"display","returning","154",1939.96
"2024-02-04",,,"display","returning","4",36.98
"2024-02-04","DISCOFEED",,"click","lapsed","4",143.87
"2024-02-04","DISCOFEED",,"click","new","34",944.5
"2024-02-05","DISCOFEED",,"click","lapsed","3",190
"2024-02-05","DISCOFEED",,"click","returning","20",267
"2024-02-05","DISCOFEED",,"display","lapsed","23",784
"2024-02-05",,,"display","returning","7",79
"2024-02-05","DISCOFEED",,"click","new","43",1265
"2024-02-05",,,"display","new","1",40
"2024-02-05","DISCOFEED",,"display","new","112",3204.51
"2024-02-05","DISCOFEED",,"display","returning","172",2186.43
"2024-02-06","DISCOFEED",,"click","returning","13",94
"2024-02-06","DISCOFEED",,"display","returning","166",2216.81
"2024-02-06","DISCOFEED",,"display","new","123",3811.01
"2024-02-06",,,"display","new","5",132.5
"2024-02-06",,,"display","returning","12",130
"2024-02-06","DISCOFEED",,"click","new","34",1025
"2024-02-06","DISCOFEED",,"display","lapsed","19",704
"2024-02-06","DISCOFEED",,"click","lapsed","1",25
"2024-02-07",,,"display","new","5",143
"2024-02-07","DISCOFEED",,"display","lapsed","20",761.01
"2024-02-07","DISCOFEED",,"click","returning","11",150.94
"2024-02-07",,,"display","returning","9",115
"2024-02-07","DISCOFEED",,"click","lapsed","4",133.75
"2024-02-07","DISCOFEED",,"display","returning","205",2408.44
"2024-02-07","DISCOFEED",,"click","new","28",889.88
"2024-02-07","DISCOFEED",,"display","new","135",4432.01
"2024-02-07",,,"click","new","1",30
"2024-02-08",,,"display","new","4",99.5
"2024-02-08",,,"click","new","1",30
"2024-02-08","DISCOFEED",,"click","new","32",921.77
"2024-02-08","DISCOFEED",,"click","lapsed","5",155
"2024-02-08","DISCOFEED",,"display","lapsed","16",549
"2024-02-08","DISCOFEED",,"click","returning","11",92.72
"2024-02-08",,,"display","lapsed","1",12
"2024-02-08",,,"display","returning","2",5
"2024-02-08","DISCOFEED",,"display","returning","166",1869.81
"2024-02-08","DISCOFEED",,"display","new","109",3061.51
"2024-02-09","DISCOFEED",,"click","returning","16",124.98
"2024-02-09","DISCOFEED",,"display","new","112",3150.01
"2024-02-09","DISCOFEED",,"click","new","49",1409.75
"2024-02-09","DISCOFEED",,"display","returning","181",2101.68
"2024-02-09",,,"display","returning","5",32
"2024-02-09","DISCOFEED",,"display","lapsed","19",588
"2024-02-09",,,"display","new","9",191
"2024-02-09","DISCOFEED",,"click","lapsed","2",100
"2024-02-10","DISCOFEED",,"display","returning","166",1861.68
"2024-02-10","DISCOFEED",,"click","new","60",1746
"2024-02-10",,,"display","returning","2",18
"2024-02-10","DISCOFEED",,"display","new","133",3691.75
"2024-02-10","DISCOFEED",,"display","lapsed","19",581.58
"2024-02-10",,,"display","lapsed","3",77
"2024-02-10",,,"display","new","4",111
"2024-02-10","DISCOFEED",,"click","returning","16",63
"2024-02-10","DISCOFEED",,"click","lapsed","4",115
"2024-02-11","DISCOFEED",,"display","returning","196",1974.6
"2024-02-11","DISCOFEED",,"click","returning","23",182.98
"2024-02-11","DISCOFEED",,"display","lapsed","16",597.29
"2024-02-11",,,"display","new","6",134
"2024-02-11","DISCOFEED",,"click","new","50",1407.01
"2024-02-11","DISCOFEED",,"display","new","115",3201
"2024-02-11","DISCOFEED",,"click","lapsed","2",70
"2024-02-11",,,"display","returning","5",85
"2024-02-12","DISCOFEED",,"display","returning","208",2095.6
"2024-02-12",,,"display","returning","3",70
"2024-02-12","DISCOFEED",,"display","lapsed","15",507.01
"2024-02-12","DISCOFEED",,"click","lapsed","1",20
"2024-02-12","DISCOFEED",,"display","new","108",2926.51
"2024-02-12",,,"display","new","4",93
"2024-02-12",,,"display","lapsed","2",100
"2024-02-12","DISCOFEED",,"click","new","43",1131.01
"2024-02-12","DISCOFEED",,"click","returning","21",176.98
"2024-02-13",,,"display","lapsed","1",40
"2024-02-13","DISCOFEED",,"click","returning","24",219
"2024-02-13","DISCOFEED",,"display","lapsed","26",822
"2024-02-13",,,"display","new","3",59.5
"2024-02-13","DISCOFEED",,"click","lapsed","1",50
"2024-02-13","DISCOFEED",,"display","returning","214",2277.67
"2024-02-13","DISCOFEED",,"display","new","155",3815.31
"2024-02-13","DISCOFEED",,"click","new","44",1192.5
"2024-02-13",,,"display","returning","8",111
"2024-02-14","DISCOFEED",,"display","lapsed","23",704
"2024-02-14",,,"display","returning","5",80
"2024-02-14",,,"display","lapsed","1",50
"2024-02-14",,,"display","new","3",43
"2024-02-14","DISCOFEED",,"display","new","124",3374.51
"2024-02-14","DISCOFEED",,"display","returning","234",2208.86
"2024-02-14","DISCOFEED",,"click","returning","18",115.7
"2024-02-14","DISCOFEED",,"click","lapsed","2",53
"2024-02-14","DISCOFEED",,"click","new","40",1161.8
"2024-02-15","DISCOFEED",,"click","new","45",1405.75
"2024-02-15","DISCOFEED",,"display","new","117",2986.29
"2024-02-15","DISCOFEED",,"click","returning","19",180.98
"2024-02-15",,,"display","new","6",150
"2024-02-15","DISCOFEED",,"display","lapsed","16",517
"2024-02-15","DISCOFEED",,"click","lapsed","3",200
"2024-02-15","DISCOFEED",,"display","returning","210",1962.21
"2024-02-15",,,"display","returning","5",130
"2024-02-16","DISCOFEED",,"click","lapsed","4",120
"2024-02-16","DISCOFEED",,"click","new","48",1208
"2024-02-16",,,"display","lapsed","1",40
"2024-02-16",,,"display","new","6",70
"2024-02-16","DISCOFEED",,"display","lapsed","23",582.4
"2024-02-16","DISCOFEED",,"click","returning","18",166
"2024-02-16","DISCOFEED",,"display","new","161",3567.54
"2024-02-16","DISCOFEED",,"display","returning","237",2513.46
"2024-02-16",,,"display","returning","4",31
"2024-02-17","DISCOFEED",,"display","returning","267",2326.41
"2024-02-17","DISCOFEED",,"display","new","158",4035.03
"2024-02-17","DISCOFEED",,"display","lapsed","20",650.4
"2024-02-17",,,"display","new","6",90
"2024-02-17","DISCOFEED",,"click","returning","26",318
"2024-02-17",,,"display","returning","2",5
"2024-02-17","DISCOFEED",,"click","new","53",1376.5
"2024-02-17","DISCOFEED",,"click","lapsed","4",102.1
"2024-02-18","DISCOFEED",,"click","returning","23",333.84
"2024-02-18","DISCOFEED",,"click","lapsed","4",165
"2024-02-18","DISCOFEED",,"display","returning","261",2839.4
"2024-02-18",,,"display","new","2",20
"2024-02-18","DISCOFEED",,"display","lapsed","28",849.71
"2024-02-18","DISCOFEED",,"click","new","61",1337.52
"2024-02-18",,,"display","returning","5",25
"2024-02-18","DISCOFEED",,"display","new","152",3813.75
"2024-02-19","DISCOFEED",,"display","returning","337",3460.08
"2024-02-19","DISCOFEED",,"click","new","62",1794.5
"2024-02-19","DISCOFEED",,"display","lapsed","23",735
"2024-02-19","DISCOFEED",,"display","new","160",3997.12
"2024-02-19",,,"display","new","11",105
"2024-02-19",,,"display","returning","8",79
"2024-02-19","DISCOFEED",,"click","lapsed","2",115
"2024-02-19","DISCOFEED",,"click","returning","18",122
"2024-02-20",,,"display","returning","5",43
"2024-02-20",,,"click","returning","1",30
"2024-02-20",,,"display","new","8",106.5
"2024-02-20","DISCOFEED",,"click","returning","20",181
"2024-02-20","DISCOFEED",,"display","new","178",4102.86
"2024-02-20","DISCOFEED",,"click","new","63",1507.29
"2024-02-20","DISCOFEED",,"click","lapsed","4",130
"2024-02-20","DISCOFEED",,"display","lapsed","27",842.4
"2024-02-20","DISCOFEED",,"display","returning","269",3155
"2024-02-21","DISCOFEED",,"display","lapsed","29",813
"2024-02-21","DISCOFEED",,"click","returning","12",172
"2024-02-21","LEAD_GEN",,"display","new","2",47
"2024-02-21",,,"display","returning","9",100
"2024-02-21","LEAD_GEN",,"display","returning","2",30
"2024-02-21","LEAD_GEN",,"click","new","7",156
"2024-02-21",,,"display","new","9",115
"2024-02-21","DISCOFEED",,"click","new","34",852
"2024-02-21","DISCOFEED",,"click","lapsed","6",165
"2024-02-21","DISCOFEED",,"display","returning","308",3515.26
"2024-02-21","DISCOFEED",,"display","new","139",2961.52
"2024-02-22","DISCOFEED",,"display","returning","281",2780.57
"2024-02-22","LEAD_GEN",,"display","new","1",32
"2024-02-22","DISCOFEED",,"display","new","120",2446.65
"2024-02-22","DISCOFEED",,"display","lapsed","36",764.01
"2024-02-22","LEAD_GEN",,"click","returning","1",20
"2024-02-22","DISCOFEED",,"click","returning","17",261.93
"2024-02-22","DISCOFEED",,"click","lapsed","3",60
"2024-02-22","LEAD_GEN",,"display","lapsed","2",47
"2024-02-22","LEAD_GEN",,"click","new","2",52
"2024-02-22",,,"display","new","9",83
"2024-02-22",,,"display","returning","7",101
"2024-02-22","LEAD_GEN",,"display","returning","2",40
"2024-02-22","DISCOFEED",,"click","new","38",751.8
"2024-02-23","DISCOFEED",,"display","returning","276",2680.68
"2024-02-23","DISCOFEED",,"display","new","93",2090.4
"2024-02-23",,,"display","returning","10",107
"2024-02-23","LEAD_GEN",,"display","returning","3",44
"2024-02-23","DISCOFEED",,"display","lapsed","26",800
"2024-02-23","DISCOFEED",,"click","lapsed","4",106
"2024-02-23","LEAD_GEN",,"click","new","2",52
"2024-02-23","DISCOFEED",,"click","returning","17",176.01
"2024-02-23",,,"display","new","10",110
"2024-02-23","DISCOFEED",,"click","new","30",651.5
"2024-02-24","DISCOFEED",,"click","new","47",927
"2024-02-24","DISCOFEED",,"display","returning","258",2698.36
"2024-02-24","DISCOFEED",,"display","new","105",2154.9
"2024-02-24",,,"display","returning","7",67
"2024-02-24",,,"display","new","10",140
"2024-02-24","DISCOFEED",,"click","returning","18",250.72
"2024-02-24",,,"display","lapsed","1",20
"2024-02-24","DISCOFEED",,"display","lapsed","24",672
"2024-02-24","LEAD_GEN",,"click","new","8",190
"2024-02-24","DISCOFEED",,"click","lapsed","3",95
"2024-02-25",,,"display","new","5",40
"2024-02-25","DISCOFEED",,"display","lapsed","20",512
"2024-02-25","DISCOFEED",,"click","new","43",1030.01
"2024-02-25","LEAD_GEN",,"click","new","8",120
"2024-02-25","DISCOFEED",,"click","returning","17",68.96
"2024-02-25","DISCOFEED",,"display","new","80",1581.01
"2024-02-25",,,"display","returning","4",23.44
"2024-02-25","DISCOFEED",,"display","returning","244",2605.79
"2024-02-25","DISCOFEED",,"click","lapsed","2",100
"2024-02-25","LEAD_GEN",,"display","new","1",15
"2024-02-26","DISCOFEED",,"click","new","33",651.5
"2024-02-26","DISCOFEED",,"display","lapsed","28",1009
"2024-02-26","LEAD_GEN",,"click","new","8",130
"2024-02-26","DISCOFEED",,"click","lapsed","5",150.01
"2024-02-26",,,"display","new","15",130
"2024-02-26",,,"display","returning","3",39
"2024-02-26","DISCOFEED",,"click","returning","21",205
"2024-02-26","LEAD_GEN",,"display","returning","1",10
"2024-02-26","DISCOFEED",,"display","new","130",2611.31
"2024-02-26","DISCOFEED",,"display","returning","260",2457.76
"2024-02-27","DISCOFEED",,"display","new","99",1903.15
"2024-02-27","DISCOFEED",,"display","returning","265",2812.56
"2024-02-27",,,"display","returning","5",54
"2024-02-27","DISCOFEED",,"click","new","35",650.01
"2024-02-27","DISCOFEED",,"click","lapsed","3",60
"2024-02-27","LEAD_GEN",,"display","returning","1",10
"2024-02-27",,,"display","lapsed","1",150
"2024-02-27",,,"display","new","12",255
"2024-02-27","LEAD_GEN",,"display","lapsed","1",12
"2024-02-27","DISCOFEED",,"click","returning","14",173.98
"2024-02-27","LEAD_GEN",,"click","new","10",200
"2024-02-27","DISCOFEED",,"display","lapsed","25",611.1
"2024-02-27","LEAD_GEN",,"display","new","4",72
"2024-02-28","LEAD_GEN","contextual","click","new","1",15
"2024-02-28","DISCOFEED",,"display","returning","245",1953.57
"2024-02-28","DISCOFEED","contextual","display","returning","1",0
"2024-02-28",,,"display","new","6",56
"2024-02-28","DISCOFEED",,"click","lapsed","3",65
"2024-02-28","DISCOFEED","bert4recs1","display","new","7",125
"2024-02-28","DISCOFEED",,"display","lapsed","32",674.01
"2024-02-28","LEAD_GEN",,"click","lapsed","1",15
"2024-02-28","DISCOFEED",,"click","returning","22",119
"2024-02-28","DISCOFEED",,"display","new","83",1733.01
"2024-02-28","LEAD_GEN",,"click","returning","2",10
"2024-02-28",,,"display","returning","4",105
"2024-02-28","DISCOFEED","bert4recs1","click","returning","3",25
"2024-02-28","DISCOFEED","bert4recs1","display","returning","14",136
"2024-02-28","LEAD_GEN",,"display","new","3",80
"2024-02-28","DISCOFEED",,"click","new","32",433.02
"2024-02-28","DISCOFEED","bert4recs1","click","new","2",46.5
"2024-02-28","LEAD_GEN",,"click","new","3",45
"2024-02-28","LEAD_GEN","contextual","click","lapsed","1",15
"2024-02-28","DISCOFEED","contextual","click","new","1",8
"2024-02-28","DISCOFEED","bert4recs1","display","lapsed","3",95
"2024-02-29","DISCOFEED","bert4recs1","display","lapsed","31",800
"2024-02-29","DISCOFEED","bert4recs1","display","returning","230",2337.19
"2024-02-29","DISCOFEED","waterfall","click","returning","2",6
"2024-02-29","DISCOFEED","contextual","display","new","10",156.5
"2024-02-29","DISCOFEED","bert4recs1","click","new","41",725.75
"2024-02-29","DISCOFEED",,"click","new","3",100
"2024-02-29","LEAD_GEN","contextual","display","returning","2",15
"2024-02-29","LEAD_GEN","contextual","click","new","8",180
"2024-02-29","DISCOFEED","waterfall","display","new","3",95
"2024-02-29","DISCOFEED",,"click","returning","1",0
"2024-02-29","DISCOFEED","bert4recs1","click","lapsed","1",10
"2024-02-29","LEAD_GEN","contextual","display","new","8",160
"2024-02-29","DISCOFEED","bert4recs1","click","returning","20",156.23
"2024-02-29","DISCOFEED","contextual","display","returning","7",40
"2024-02-29","DISCOFEED","waterfall","display","returning","9",44
"2024-02-29","DISCOFEED","contextual","click","new","2",56.5
"2024-02-29","DISCOFEED",,"display","new","2",20
"2024-02-29","DISCOFEED","bert4recs1","display","new","93",1953.01
"2024-02-29","DISCOFEED",,"display","returning","3",30
"2024-02-29",,,"display","new","6",83.01
"2024-02-29","LEAD_GEN","contextual","click","returning","1",0
"2024-02-29",,,"display","returning","7",81
"2024-03-01","LEAD_GEN","contextual","display","new","2",35
"2024-03-01","DISCOFEED","bert4recs1","display","returning","220",1931.35
"2024-03-01",,,"display","returning","4",54
"2024-03-01","DISCOFEED","bert4recs1","display","lapsed","17",412.1
"2024-03-01","DISCOFEED","bert4recs1","click","new","36",774.11
"2024-03-01","DISCOFEED","bert4recs1","display","new","98",2052
"2024-03-01",,,"display","new","8",120
"2024-03-01","DISCOFEED","waterfall","display","returning","2",13
"2024-03-01","DISCOFEED","waterfall","click","returning","1",0
"2024-03-01","DISCOFEED",,"click","new","1",20
"2024-03-01","LEAD_GEN","contextual","click","new","6",150
"2024-03-01","DISCOFEED","waterfall","display","new","1",35
"2024-03-01","DISCOFEED","contextual","display","returning","6",40
"2024-03-01","LEAD_GEN","contextual","display","returning","1",10
"2024-03-01","DISCOFEED","bert4recs1","click","lapsed","6",100.01
"2024-03-01","DISCOFEED","contextual","display","new","7",219.79
"2024-03-01","DISCOFEED","contextual","click","new","1",20
"2024-03-01","DISCOFEED","bert4recs1","click","returning","14",155
"2024-03-02","DISCOFEED","bert4recs1","display","lapsed","25",786
"2024-03-02","DISCOFEED","bert4recs1","display","new","87",1711.01
"2024-03-02","DISCOFEED","contextual","display","returning","3",10
"2024-03-02","DISCOFEED",,"display","new","3",60
"2024-03-02","DISCOFEED","waterfall","display","new","5",162
"2024-03-02","DISCOFEED",,"display","returning","1",5
"2024-03-02","DISCOFEED",,"click","new","2",30
"2024-03-02","DISCOFEED","bert4recs1","click","lapsed","4",100
"2024-03-02","DISCOFEED","bert4recs1","click","new","43",855.51
"2024-03-02",,,"display","new","4",33
"2024-03-02","LEAD_GEN","contextual","display","new","1",12
"2024-03-02",,,"display","returning","4",52
"2024-03-02","LEAD_GEN","contextual","click","new","10",211
"2024-03-02","DISCOFEED","waterfall","display","returning","4",13
"2024-03-02","DISCOFEED","contextual","display","new","4",99.5
"2024-03-02","DISCOFEED","bert4recs1","display","returning","195",1698.17
"2024-03-02","DISCOFEED","contextual","click","new","2",55
"2024-03-02","DISCOFEED","bert4recs1","click","returning","22",256
"2024-03-03","DISCOFEED","contextual","display","returning","4",40
"2024-03-03","DISCOFEED","waterfall","display","new","3",38
"2024-03-03","DISCOFEED","bert4recs1","display","new","86",1896
"2024-03-03","DISCOFEED","bert4recs1","display","lapsed","25",896.07
"2024-03-03","LEAD_GEN","contextual","click","new","3",65
"2024-03-03","DISCOFEED","bert4recs1","click","lapsed","5",97.1
"2024-03-03",,,"display","returning","1",1
"2024-03-03","LEAD_GEN","contextual","display","new","1",15
"2024-03-03","DISCOFEED",,"click","new","1",20
"2024-03-03","DISCOFEED","waterfall","click","new","2",50
"2024-03-03","DISCOFEED",,"display","returning","3",45
"2024-03-03","DISCOFEED","waterfall","display","lapsed","1",35
"2024-03-03",,,"display","new","3",23
"2024-03-03","DISCOFEED",,"display","new","1",20
"2024-03-03","DISCOFEED","bert4recs1","click","new","41",856.51
"2024-03-03","DISCOFEED","contextual","display","new","2",85
"2024-03-03","DISCOFEED","waterfall","display","returning","2",15
"2024-03-03","DISCOFEED","bert4recs1","click","returning","13",107.98
"2024-03-03","DISCOFEED","bert4recs1","display","returning","194",2082.56
"2024-03-04","DISCOFEED","bert4recs1","display","new","89",1909.51
"2024-03-04","DISCOFEED","bert4recs1","click","returning","14",125.98
"2024-03-04","DISCOFEED",,"click","new","3",88
"2024-03-04","DISCOFEED","bert4recs1","click","lapsed","1",20
"2024-03-04",,,"display","new","4",82
"2024-03-04","DISCOFEED","bert4recs1","click","new","32",571.51
"2024-03-04","DISCOFEED","contextual","display","returning","2",10
"2024-03-04","DISCOFEED","bert4recs1","display","returning","192",2032.31
"2024-03-04","LEAD_GEN","contextual","click","new","5",102
"2024-03-04",,,"display","returning","4",27
"2024-03-04","DISCOFEED","bert4recs1","display","lapsed","22",661.29
"2024-03-04","DISCOFEED","contextual","display","new","3",43
"2024-03-04","DISCOFEED","waterfall","display","returning","1",5
"2024-03-04","LEAD_GEN","contextual","display","returning","2",4
"2024-03-04",,,"display","lapsed","1",23.87
"2024-03-04","DISCOFEED","waterfall","display","new","5",125
"2024-03-04","LEAD_GEN","contextual","display","new","1",15
"2024-03-04","DISCOFEED",,"display","returning","1",15
"2024-03-05","DISCOFEED","waterfall_returning","display","returning","6",26
"2024-03-05","DISCOFEED","waterfall_returning","display","new","4",108
"2024-03-05",,,"display","new","7",126
"2024-03-05","DISCOFEED","bert4recs1","click","new","27",605
"2024-03-05","DISCOFEED","contextual","click","new","1",20
"2024-03-05","DISCOFEED","bert4recs1","click","returning","21",200.98
"2024-03-05","DISCOFEED","bert4recs1","display","lapsed","18",457
"2024-03-05","LEAD_GEN","contextual","click","new","3",55
"2024-03-05","DISCOFEED",,"click","new","2",50
"2024-03-05","DISCOFEED","bert4recs1","click","lapsed","1",35
"2024-03-05","DISCOFEED","bert4recs1","display","new","100",2557.5
"2024-03-05","DISCOFEED","contextual","display","returning","1",5
"2024-03-05","DISCOFEED","bert4recs1","display","returning","238",1964.71
"2024-03-05",,,"display","returning","5",71
"2024-03-05","DISCOFEED","contextual","display","new","2",55
"2024-03-05","DISCOFEED","waterfall_returning","click","new","1",15
"2024-03-05",,,"click","returning","1",0
"2024-03-06","DISCOFEED","bert4recs1","display","returning","259",2808.9
"2024-03-06","DISCOFEED","bert4recs1","click","new","23",524
"2024-03-06","DISCOFEED","bert4recs1","display","new","135",3166.21
"2024-03-06","DISCOFEED",,"click","new","1",38
"2024-03-06",,,"click","lapsed","1",25
"2024-03-06","DISCOFEED","contextual","display","new","2",45
"2024-03-06","DISCOFEED","waterfall_v1","display","returning","1",0
"2024-03-06","DISCOFEED","waterfall_returning","display","new","3",80
"2024-03-06",,,"display","returning","9",61
"2024-03-06","DISCOFEED","contextual","click","new","1",8
"2024-03-06",,,"display","lapsed","3",120
"2024-03-06","DISCOFEED","bert4recs1","display","lapsed","20",552
"2024-03-06","DISCOFEED",,"display","new","1",20
"2024-03-06","DISCOFEED","contextual","display","returning","2",50
"2024-03-06","DISCOFEED","waterfall_returning","display","lapsed","1",10
"2024-03-06","DISCOFEED","waterfall_returning","display","returning","7",35
"2024-03-06","DISCOFEED","waterfall_returning","click","new","1",10
"2024-03-06","LEAD_GEN","contextual","display","returning","1",10
"2024-03-06","DISCOFEED","waterfall_v1","display","new","3",40
"2024-03-06","DISCOFEED","bert4recs1","click","returning","20",184
"2024-03-06","LEAD_GEN","contextual","click","new","2",24
"2024-03-06",,,"display","new","4",85
"2024-03-06","DISCOFEED",,"display","returning","6",51
"2024-03-07","DISCOFEED","bert4recs1","display","new","109",2332.31
"2024-03-07","DISCOFEED","bert4recs1","display","returning","222",2157.15
"2024-03-07","DISCOFEED",,"display","new","7",220
"2024-03-07","LEAD_GEN","contextual","click","new","5",140
"2024-03-07","DISCOFEED","bert4recs1","click","new","31",691.5
"2024-03-07","DISCOFEED","waterfall_v1","display","new","1",16.5
"2024-03-07","DISCOFEED","bert4recs1","click","returning","13",98
"2024-03-07","DISCOFEED","contextual","display","lapsed","1",8
"2024-03-07","DISCOFEED","waterfall_returning","display","returning","4",7
"2024-03-07","DISCOFEED","waterfall_returning","display","lapsed","2",30
"2024-03-07","LEAD_GEN","contextual","display","new","4",75
"2024-03-07","DISCOFEED",,"click","new","1",20
"2024-03-07","DISCOFEED","bert4recs1","click","lapsed","3",65
"2024-03-07",,,"display","new","6",140
"2024-03-07","DISCOFEED","contextual","display","returning","2",1
"2024-03-07","DISCOFEED","bert4recs1","display","lapsed","27",1034.1
"2024-03-07","DISCOFEED","waterfall_v1","click","new","1",50
"2024-03-07","DISCOFEED","waterfall_v1","display","returning","1",10
"2024-03-07","DISCOFEED",,"display","returning","4",11
"2024-03-07",,,"display","returning","3",35
"2024-03-07","DISCOFEED","waterfall_returning","click","new","1",30
"2024-03-07",,,"display","lapsed","1",30
"2024-03-07","DISCOFEED","waterfall_returning","display","new","3",70
"2024-03-08","DISCOFEED","contextual","display","returning","7",33
"2024-03-08","LEAD_GEN","contextual","display","returning","1",10
"2024-03-08","DISCOFEED","waterfall_returning","display","returning","8",43
"2024-03-08","DISCOFEED","bert4recs1","display","returning","232",2085.37
"2024-03-08",,,"display","new","3",33
"2024-03-08","DISCOFEED","waterfall_v1","display","returning","3",15
"2024-03-08","DISCOFEED","contextual","click","new","2",45
"2024-03-08","DISCOFEED","bert4recs1","click","returning","16",175.98
"2024-03-08",,,"display","returning","4",130
"2024-03-08","DISCOFEED","bert4recs1","click","new","24",484.87
"2024-03-08","DISCOFEED","waterfall_v1","display","lapsed","1",10
"2024-03-08","LEAD_GEN","contextual","display","new","4",72
"2024-03-08","DISCOFEED","waterfall_returning","display","new","2",60
"2024-03-08","DISCOFEED","bert4recs1","display","new","126",2883.5
"2024-03-08","DISCOFEED","contextual","display","new","4",90
"2024-03-08","DISCOFEED","bert4recs1","display","lapsed","19",677
"2024-03-08","DISCOFEED","bert4recs1","click","lapsed","5",80
"2024-03-08","DISCOFEED","waterfall_returning","click","new","1",15
"2024-03-08","DISCOFEED","contextual","display","lapsed","1",20
"2024-03-08","DISCOFEED","waterfall_v1","display","new","5",98
"2024-03-08","LEAD_GEN","contextual","click","new","7",142
"2024-03-09","DISCOFEED","bert4recs1","display","lapsed","23",645.87
"2024-03-09","DISCOFEED","bert4recs1","click","new","30",770.01
"2024-03-09","DISCOFEED","bert4recs1","display","returning","243",2685.62
"2024-03-09","DISCOFEED","waterfall_returning","display","new","2",50
"2024-03-09","DISCOFEED","waterfall_v1","click","new","2",40
"2024-03-09","LEAD_GEN","contextual","click","new","11",182
"2024-03-09",,,"display","returning","11",151
"2024-03-09",,,"display","new","9",86
"2024-03-09","DISCOFEED","waterfall_v1","display","new","4",75
"2024-03-09","DISCOFEED","bert4recs1","click","lapsed","4",105
"2024-03-09","DISCOFEED","contextual","display","returning","7",36
"2024-03-09","DISCOFEED","contextual","display","new","3",108
"2024-03-09","DISCOFEED","waterfall_v1","display","returning","2",10
"2024-03-09",,,"click","new","1",10
"2024-03-09","DISCOFEED","waterfall_returning","display","returning","1",5
"2024-03-09","DISCOFEED","bert4recs1","display","new","101",2156.29
"2024-03-09","LEAD_GEN","contextual","display","new","6",140
"2024-03-09","DISCOFEED","bert4recs1","click","returning","15",84.01
"2024-03-10",,,"display","new","4",33
"2024-03-10","DISCOFEED","bert4recs1","display","lapsed","20",597.1
"2024-03-10","DISCOFEED","contextual","display","new","3",58
"2024-03-10","DISCOFEED","bert4recs1","display","returning","200",1854.51
"2024-03-10","DISCOFEED","contextual","click","new","2",55
"2024-03-10","LEAD_GEN","contextual","display","new","3",80
"2024-03-10","DISCOFEED","bert4recs1","display","new","112",2293.5
"2024-03-10","DISCOFEED","waterfall_returning","display","returning","1",10
"2024-03-10","DISCOFEED","waterfall_returning","click","new","1",15
"2024-03-10","DISCOFEED","waterfall_returning","display","new","2",30
"2024-03-10","DISCOFEED","bert4recs1","click","new","28",513.75
"2024-03-10","DISCOFEED","bert4recs1","click","lapsed","4",72
"2024-03-10","DISCOFEED","contextual","display","lapsed","1",70
"2024-03-10","DISCOFEED","contextual","display","returning","3",34.97
"2024-03-10","DISCOFEED","bert4recs1","click","returning","15",202.99
"2024-03-10","LEAD_GEN","contextual","display","returning","4",35
"2024-03-10","LEAD_GEN","contextual","click","new","4",95
"2024-03-10",,,"display","lapsed","1",20
"2024-03-10","DISCOFEED",,"display","returning","1",1
"2024-03-10",,,"display","returning","4",55
"2024-03-11","DISCOFEED","waterfall_returning","display","new","1",50
"2024-03-11","DISCOFEED","bert4recs1","click","new","23",520.3
"2024-03-11",,,"display","lapsed","1",30
"2024-03-11","DISCOFEED","bert4recs1","display","lapsed","23",680.75
"2024-03-11","DISCOFEED",,"display","returning","1",10
"2024-03-11","DISCOFEED","bert4recs1","click","returning","12",109
"2024-03-11",,,"display","new","7",140
"2024-03-11","DISCOFEED","waterfall_v1","display","new","2",45
"2024-03-11","DISCOFEED","bert4recs1","display","new","116",2491.01
"2024-03-11","DISCOFEED","waterfall_returning","display","returning","4",38
"2024-03-11","DISCOFEED","contextual","display","new","6",138
"2024-03-11","DISCOFEED","bert4recs1","display","returning","219",2429.93
"2024-03-11","DISCOFEED","contextual","display","returning","5",22
"2024-03-11","LEAD_GEN","contextual","click","new","5",82
"2024-03-11",,,"display","returning","4",64.98
"2024-03-12","DISCOFEED","waterfall_v1","display","returning","1",5
"2024-03-12","DISCOFEED","bert4recs1","click","lapsed","3",62.1
"2024-03-12","DISCOFEED","bert4recs1","click","new","21",543.5
"2024-03-12","DISCOFEED","bert4recs1","display","new","122",3036.25
"2024-03-12","LEAD_GEN","contextual","click","new","2",35
"2024-03-12","DISCOFEED","bert4recs1","display","lapsed","18",579.1
"2024-03-12","DISCOFEED","waterfall_returning","display","new","5",150
"2024-03-12","DISCOFEED","waterfall_returning","display","returning","4",30
"2024-03-12","DISCOFEED","bert4recs1","click","returning","14",121.01
"2024-03-12","DISCOFEED","contextual","display","new","2",70
"2024-03-12",,,"display","returning","5",57
"2024-03-12",,,"display","new","9",163
"2024-03-12","DISCOFEED","bert4recs1","display","returning","231",1965.96
"2024-03-12","DISCOFEED","waterfall_v1","click","new","1",10
"2024-03-12","DISCOFEED","waterfall_v1","display","new","2",55
"2024-03-12","LEAD_GEN","contextual","display","new","4",75
"2024-03-13","LEAD_GEN","contextual","display","returning","2",20
"2024-03-13","DISCOFEED","bert4recs1","display","lapsed","22",596
"2024-03-13","LEAD_GEN","contextual","display","new","1",20
"2024-03-13","DISCOFEED","bert4recs1","display","new","132",2712.6
"2024-03-13","DISCOFEED","waterfall_v1","click","new","1",35
"2024-03-13","LEAD_GEN","contextual","click","new","4",155
"2024-03-13","DISCOFEED","bert4recs1","click","returning","21",195.45
"2024-03-13","DISCOFEED","contextual","display","returning","2",1
"2024-03-13",,,"display","returning","6",315
"2024-03-13","DISCOFEED","waterfall_v1","display","lapsed","1",10
"2024-03-13","DISCOFEED","waterfall_returning","display","new","3",60
"2024-03-13",,,"display","lapsed","1",20
"2024-03-13","DISCOFEED","bert4recs1","click","new","18",580.01
"2024-03-13",,,"display","new","8",106
"2024-03-13","DISCOFEED","contextual","display","lapsed","2",30
"2024-03-13","DISCOFEED","bert4recs1","display","returning","292",3208.67
"2024-03-13","DISCOFEED","contextual","click","returning","1",0
"2024-03-13","DISCOFEED","waterfall_returning","click","new","1",25
"2024-03-13","DISCOFEED","contextual","click","new","1",80
"2024-03-13","DISCOFEED","waterfall_v1","display","new","1",35
"2024-03-13","DISCOFEED","waterfall_v1","display","returning","1",5
"2024-03-13","DISCOFEED","bert4recs1","click","lapsed","10",362.1
"2024-03-13","DISCOFEED","contextual","display","new","6",35
"2024-03-14","DISCOFEED","contextual","display","new","7",115
"2024-03-14","DISCOFEED","bert4recs1","display","new","130",2631.01
"2024-03-14","DISCOFEED","waterfall_v1","display","new","1",15
"2024-03-14","DISCOFEED","contextual","display","lapsed","1",10
"2024-03-14","DISCOFEED","bert4recs1","display","returning","277",2661.33
"2024-03-14","DISCOFEED","bert4recs1","click","lapsed","2",20
"2024-03-14","DISCOFEED","contextual","click","returning","1",0
"2024-03-14","DISCOFEED","bert4recs1","click","new","27",618.25
"2024-03-14","DISCOFEED","waterfall_returning","display","new","1",20
"2024-03-14",,,"click","new","1",3
"2024-03-14",,,"display","returning","14",190.98
"2024-03-14","LEAD_GEN","contextual","click","new","2",70
"2024-03-14","DISCOFEED","bert4recs1","click","returning","12",100.73
"2024-03-14","DISCOFEED","waterfall_returning","display","returning","1",5
"2024-03-14","DISCOFEED","contextual","display","returning","8",29.98
"2024-03-14","LEAD_GEN","contextual","display","new","4",105
"2024-03-14",,,"display","new","9",125
"2024-03-14","DISCOFEED","bert4recs1","display","lapsed","25",670.1
"2024-03-15",,,"display","new","5",78
"2024-03-15","DISCOFEED","contextual","display","new","5",131
"2024-03-15","DISCOFEED","bert4recs1","display","returning","225",2537.09
"2024-03-15","DISCOFEED","bert4recs1","click","lapsed","8",215
"2024-03-15","DISCOFEED","bert4recs1","click","new","26",674
"2024-03-15","DISCOFEED","waterfall_v1","click","new","1",25
"2024-03-15","DISCOFEED","contextual","click","lapsed","1",18.29
"2024-03-15","DISCOFEED","waterfall_returning","display","new","1",70
"2024-03-15","DISCOFEED","bert4recs1","click","returning","12",121
"2024-03-15","DISCOFEED","waterfall_returning","display","returning","1",10
"2024-03-15","DISCOFEED","contextual","click","new","3",80
"2024-03-15","DISCOFEED","bert4recs1","display","new","116",2354.12
"2024-03-15","DISCOFEED","bert4recs1","display","lapsed","25",617
"2024-03-15","LEAD_GEN","contextual","display","new","5",100
"2024-03-15","DISCOFEED","contextual","display","returning","3",0
"2024-03-15",,,"display","returning","5",85
"2024-03-15",,,"display","lapsed","1",10
"2024-03-15","LEAD_GEN","contextual","click","new","1",20
"2024-03-15","DISCOFEED","contextual","display","lapsed","1",3
"2024-03-15","DISCOFEED","waterfall_returning","click","new","1",10
"2024-03-16","DISCOFEED","bert4recs1","click","new","22",425
"2024-03-16","LEAD_GEN","contextual","display","returning","1",10
"2024-03-16","DISCOFEED","waterfall_returning","display","returning","1",5
"2024-03-16",,,"display","new","10",66
"2024-03-16","LEAD_GEN","contextual","display","new","5",98
"2024-03-16","DISCOFEED","contextual","display","returning","3",30
"2024-03-16","DISCOFEED","contextual","display","new","4",50
"2024-03-16","DISCOFEED","waterfall_v1","display","new","1",25
"2024-03-16","DISCOFEED","bert4recs1","display","returning","249",2842.95
"2024-03-16","DISCOFEED","waterfall_returning","click","new","2",60
"2024-03-16","DISCOFEED","bert4recs1","display","lapsed","27",829.1
"2024-03-16","DISCOFEED","waterfall_returning","display","new","1",0
"2024-03-16","DISCOFEED","bert4recs1","click","lapsed","3",37.1
"2024-03-16","LEAD_GEN","contextual","click","new","4",125
"2024-03-16","DISCOFEED","bert4recs1","display","new","116",2158.11
"2024-03-16","DISCOFEED","waterfall_v1","display","returning","1",40
"2024-03-16","DISCOFEED","contextual","click","new","1",9
"2024-03-16",,,"display","returning","8",121
"2024-03-16","DISCOFEED","bert4recs1","click","returning","8",123
"2024-03-17",,,"display","new","2",10
"2024-03-17","DISCOFEED","bert4recs1","display","returning","226",2527.27
"2024-03-17","DISCOFEED","bert4recs1","display","lapsed","28",867
"2024-03-17","DISCOFEED","waterfall_returning","click","new","1",50
"2024-03-17","DISCOFEED","bert4recs1","click","returning","17",185.01
"2024-03-17","LEAD_GEN","contextual","click","new","3",59
"2024-03-17","DISCOFEED","bert4recs1","click","lapsed","1",50
"2024-03-17","DISCOFEED","bert4recs1","click","new","19",462
"2024-03-17","DISCOFEED","contextual","display","returning","2",40
"2024-03-17","LEAD_GEN","contextual","display","new","9",175
"2024-03-17",,,"display","returning","5",27
"2024-03-17","DISCOFEED","waterfall_v1","display","returning","1",0
"2024-03-17","DISCOFEED","bert4recs1","display","new","103",1624.51
"2024-03-17","LEAD_GEN","contextual","display","returning","2",20
"2024-03-17","DISCOFEED","contextual","display","new","6",155.01
"2024-03-18","DISCOFEED","bert4recs1","display","returning","249",2492.15
"2024-03-18","DISCOFEED","bert4recs1","display","lapsed","25",583
"2024-03-18","DISCOFEED","bert4recs1","display","new","127",1834.01
"2024-03-18","LEAD_GEN","contextual","click","new","6",244
"2024-03-18","DISCOFEED","contextual","click","new","1",0
"2024-03-18","DISCOFEED","bert4recs1","click","new","29",645
"2024-03-18","DISCOFEED","bert4recs1","click","returning","16",125
"2024-03-18","DISCOFEED","waterfall_returning","display","returning","2",2
"2024-03-18","DISCOFEED","bert4recs1","click","lapsed","4",107
"2024-03-18",,,"display","new","15",90
"2024-03-18","DISCOFEED","contextual","display","new","7",108
"2024-03-18",,,"display","returning","4",50
"2024-03-18",,,"display","lapsed","1",7.1
"2024-03-18","DISCOFEED","waterfall_v1","display","lapsed","2",55
"2024-03-18","LEAD_GEN","contextual","display","returning","5",40
"2024-03-18","DISCOFEED","contextual","display","returning","6",0
"2024-03-18","DISCOFEED","waterfall_v1","display","new","1",70
"2024-03-18","DISCOFEED","contextual","display","lapsed","1",0
"2024-03-19","LEAD_GEN","contextual","click","new","4",70
"2024-03-19","DISCOFEED","bert4recs1","click","new","16",388
"2024-03-19","DISCOFEED","bert4recs1","display","lapsed","26",915
"2024-03-19","DISCOFEED","waterfall_v1","display","new","1",30
"2024-03-19","DISCOFEED","bert4recs1","click","lapsed","3",65
"2024-03-19","DISCOFEED","contextual","display","returning","1",10
"2024-03-19","DISCOFEED","bert4recs1","display","new","82",2190.26
"2024-03-19","DISCOFEED","waterfall_v1","display","returning","5",44
"2024-03-19","DISCOFEED","bert4recs1","click","returning","17",318
"2024-03-19","DISCOFEED","contextual","click","new","1",8
"2024-03-19","DISCOFEED","bert4recs1","display","returning","220",2225.88
"2024-03-19","LEAD_GEN","contextual","display","returning","3",30
"2024-03-19",,,"display","new","5",81
"2024-03-19",,,"display","returning","11",122.44
"2024-03-19","DISCOFEED","waterfall_returning","display","returning","1",3
"2024-03-19","DISCOFEED","contextual","display","new","2",40
"2024-03-19",,,"display","lapsed","1",20
"2024-03-19","LEAD_GEN","contextual","display","new","1",20
"2024-03-20","DISCOFEED","bert4recs1","display","returning","193",2172.38
"2024-03-20","DISCOFEED","bert4recs1","display","new","62",1413.1
"2024-03-20",,,"display","returning","4",59
"2024-03-20","DISCOFEED","contextual","click","returning","1",55
"2024-03-20","DISCOFEED","contextual","display","returning","10",309.98
"2024-03-20","LEAD_GEN","contextual","display","returning","3",30
"2024-03-20","DISCOFEED","waterfall_v1","display","new","1",30
"2024-03-20","DISCOFEED","bert4recs1","click","new","30",862
"2024-03-20","DISCOFEED","waterfall_v1","click","returning","1",5
"2024-03-20","DISCOFEED","bert4recs1","click","returning","13",102.72
"2024-03-20","DISCOFEED","waterfall_returning","display","returning","2",6
"2024-03-20","LEAD_GEN","contextual","click","returning","1",10
"2024-03-20","DISCOFEED","contextual","display","new","2",70
"2024-03-20","DISCOFEED","bert4recs1","display","lapsed","25",800.01
"2024-03-20",,,"display","new","2",10.75
"2024-03-20","LEAD_GEN","contextual","click","new","4",75
"2024-03-20","DISCOFEED","bert4recs1","click","lapsed","3",130
"2024-03-21","LEAD_GEN","contextual","click","new","7",195
"2024-03-21","DISCOFEED","bert4recs1","display","returning","227",2740.83
"2024-03-21","LEAD_GEN","contextual","click","returning","2",25
"2024-03-21","DISCOFEED","bert4recs1","display","new","79",2285.75
"2024-03-21","DISCOFEED","contextual","display","new","2",50
"2024-03-21","DISCOFEED","bert4recs1","click","lapsed","2",70
"2024-03-21","LEAD_GEN","contextual","display","new","4",80
"2024-03-21",,,"display","returning","8",142
"2024-03-21","DISCOFEED","bert4recs1","click","returning","10",129
"2024-03-21","DISCOFEED","bert4recs1","click","new","16",332.11
"2024-03-21","DISCOFEED","bert4recs1","display","lapsed","21",570
"2024-03-21","SHOPIFY_NATIVE_DISCOFEED","bert4recs1","display","lapsed","1",10
"2024-03-21","DISCOFEED","waterfall_v1","click","new","1",9
"2024-03-21",,,"display","lapsed","1",20
"2024-03-21","DISCOFEED","contextual","display","returning","3",45
"2024-03-21","DISCOFEED","waterfall_v1","display","returning","1",10
"2024-03-21","DISCOFEED","waterfall_v1","display","new","2",30
"2024-03-21","LEAD_GEN","contextual","display","returning","1",10
"2024-03-21",,,"display","new","3",100
"2024-03-22","DISCOFEED","bert4recs1","click","lapsed","4",105
"2024-03-22","DISCOFEED","bert4recs1","display","lapsed","27",905
"2024-03-22","DISCOFEED","contextual","display","new","1",25
"2024-03-22","LEAD_GEN","contextual","click","new","2",40
"2024-03-22","DISCOFEED","bert4recs1","display","returning","214",2410.64
"2024-03-22","LEAD_GEN","contextual","display","new","2",40
"2024-03-22","LEAD_GEN","contextual","display","lapsed","1",20
"2024-03-22","LEAD_GEN","contextual","display","returning","2",15
"2024-03-22","DISCOFEED","bert4recs1","display","new","98",2712.01
"2024-03-22","DISCOFEED","bert4recs1","click","new","20",544.01
"2024-03-22",,,"display","returning","8",97
"2024-03-22","DISCOFEED","waterfall_v1","click","new","1",45
"2024-03-22",,,"display","new","5",145
"2024-03-22","DISCOFEED","bert4recs1","click","returning","15",147
"2024-03-23",,,"display","returning","4",49
"2024-03-23","LEAD_GEN","contextual","click","returning","1",5
"2024-03-23","DISCOFEED","bert4recs1","click","returning","16",145.98
"2024-03-23","LEAD_GEN","contextual","display","new","4",75
"2024-03-23","DISCOFEED","bert4recs1","display","returning","209",2409.75
"2024-03-23","DISCOFEED","bert4recs1","click","new","24",517.77
"2024-03-23","DISCOFEED","bert4recs1","display","new","78",1943.5
"2024-03-23",,,"display","new","3",39.5
"2024-03-23","LEAD_GEN","contextual","click","new","6",140
"2024-03-23","DISCOFEED","contextual","display","new","1",20
"2024-03-23","DISCOFEED","bert4recs1","click","lapsed","1",35
"2024-03-23","DISCOFEED","waterfall_returning","display","returning","5",15
"2024-03-23","DISCOFEED","contextual","click","new","3",63.87
"2024-03-23","LEAD_GEN","contextual","display","returning","1",10
"2024-03-23","DISCOFEED","bert4recs1","display","lapsed","25",678
"2024-03-23","DISCOFEED","waterfall_v1","click","new","1",45
"2024-03-24","DISCOFEED","bert4recs1","display","returning","197",2112.82
"2024-03-24","LEAD_GEN","contextual","click","new","8",175
"2024-03-24","DISCOFEED","bert4recs1","display","new","60",1714.01
"2024-03-24","DISCOFEED","bert4recs1","click","returning","14",140.99
"2024-03-24","DISCOFEED","waterfall_v1","display","new","2",60
"2024-03-24","DISCOFEED","waterfall_returning","display","returning","2",8
"2024-03-24","LEAD_GEN","contextual","display","new","3",90
"2024-03-24","DISCOFEED","contextual","display","returning","1",10
"2024-03-24","LEAD_GEN","contextual","click","returning","1",10
"2024-03-24","DISCOFEED","bert4recs1","click","new","26",821
"2024-03-24","LEAD_GEN","contextual","display","returning","6",20
"2024-03-24","DISCOFEED","bert4recs1","display","lapsed","19",625.1
"2024-03-24","DISCOFEED","bert4recs1","click","lapsed","4",120
"2024-03-24",,,"display","new","1",70
"2024-03-24","DISCOFEED","contextual","display","new","4",80
"2024-03-24",,,"display","returning","5",48.44
"2024-03-25","DISCOFEED","bert4recs1","display","returning","272",2272.98
"2024-03-25","DISCOFEED","waterfall_returning","display","returning","1",3
"2024-03-25","DISCOFEED","contextual","display","new","2",50
"2024-03-25","DISCOFEED","waterfall_v1","display","returning","1",10
"2024-03-25","DISCOFEED","contextual","display","returning","1",10
"2024-03-25",,,"display","returning","10",90
"2024-03-25","LEAD_GEN","contextual","display","lapsed","1",15
"2024-03-25","DISCOFEED","bert4recs1","click","lapsed","4",153
"2024-03-25","LEAD_GEN","contextual","display","new","2",40
"2024-03-25","DISCOFEED","bert4recs1","click","returning","13",96
"2024-03-25","DISCOFEED","waterfall_v1","display","new","3",78
"2024-03-25","LEAD_GEN","contextual","click","new","5",125
"2024-03-25",,,"click","new","1",25
"2024-03-25",,,"display","lapsed","1",35
"2024-03-25",,,"display","new","5",116.5
"2024-03-25","LEAD_GEN","contextual","display","returning","3",20
"2024-03-25","DISCOFEED","bert4recs1","display","new","75",2003.51
"2024-03-25","DISCOFEED","bert4recs1","display","lapsed","18",541
"2024-03-25","DISCOFEED","bert4recs1","click","new","22",590.01
"2024-03-26","DISCOFEED","bert4recs1","display","new","90",2147.38
"2024-03-26","DISCOFEED","bert4recs1","display","returning","330",2454.73
"2024-03-26","LEAD_GEN","contextual","click","new","7",195
"2024-03-26","DISCOFEED","waterfall_returning","click","returning","1",3
"2024-03-26","DISCOFEED","waterfall_v1","display","returning","5",25
"2024-03-26","DISCOFEED","contextual","display","new","2",27
"2024-03-26","DISCOFEED","contextual","display","returning","2",6
"2024-03-26","DISCOFEED","bert4recs1","display","lapsed","32",966
"2024-03-26","LEAD_GEN","contextual","display","new","5",95
"2024-03-26","DISCOFEED","bert4recs1","click","new","16",475.4
"2024-03-26","DISCOFEED","bert4recs1","click","lapsed","6",153
"2024-03-26",,,"display","new","3",64.5
"2024-03-26","LEAD_GEN","contextual","click","returning","1",5
"2024-03-26","LEAD_GEN","contextual","display","returning","2",14
"2024-03-26",,,"display","returning","12",51.01
"2024-03-26","DISCOFEED","waterfall_v1","display","new","6",183
"2024-03-26","DISCOFEED","bert4recs1","click","returning","13",89
"2024-03-26","DISCOFEED","waterfall_v1","display","lapsed","1",10
"2024-03-26","SHOPIFY_NATIVE_DISCOFEED","bert4recs1","display","new","1",30
"2024-03-27","DISCOFEED","waterfall","display","new","2",120
"2024-03-27","DISCOFEED","bert4recs1","display","returning","234",1839.72
"2024-03-27","DISCOFEED","bert4recs1","click","lapsed","3",65
"2024-03-27","DISCOFEED","bert4recs1","display","new","86",1991.8
"2024-03-27",,,"display","new","1",18
"2024-03-27","LEAD_GEN","contextual","click","returning","2",10
"2024-03-27","DISCOFEED","bert4recs1","display","lapsed","30",761.01
"2024-03-27","DISCOFEED","contextual","click","new","1",35
"2024-03-27","DISCOFEED","bert4recs1","click","returning","15",130.48
"2024-03-27","DISCOFEED","contextual","display","new","1",15
"2024-03-27",,,"display","returning","10",132
"2024-03-27","DISCOFEED","bert4recs1","click","new","22",534.01
"2024-03-27","DISCOFEED","waterfall_v1","display","new","3",65
"2024-03-27","DISCOFEED","waterfall_v1","click","new","2",35
"2024-03-27","DISCOFEED","waterfall","display","returning","2",50
"2024-03-27","LEAD_GEN","contextual","display","new","2",70
"2024-03-27","DISCOFEED","waterfall_v1","display","returning","3",30
"2024-03-27","DISCOFEED","waterfall_returning","click","returning","1",3
"2024-03-27","DISCOFEED","waterfall_returning","display","returning","1",1
"2024-03-27","LEAD_GEN","contextual","click","new","6",120
"2024-03-27","SHOPIFY_NATIVE_DISCOFEED","bert4recs1","display","returning","1",0
"2024-03-27","LEAD_GEN","contextual","display","returning","1",10
"2024-03-28","DISCOFEED","waterfall","display","returning","28",311.96
"2024-03-28","DISCOFEED","bert4recs1","click","new","25",603.97
"2024-03-28","LEAD_GEN","contextual","click","new","1",20
"2024-03-28","DISCOFEED","bert4recs1","click","returning","18",158.51
"2024-03-28",,,"display","returning","11",99.98
"2024-03-28","LEAD_GEN","contextual","display","returning","1",10
"2024-03-28","DISCOFEED","contextual","display","new","1",70
"2024-03-28","SHOPIFY_NATIVE_DISCOFEED","bert4recs1","display","new","2",21
"2024-03-28","DISCOFEED","bert4recs1","display","lapsed","30",916.5
"2024-03-28","DISCOFEED","waterfall","click","new","4",99.2
"2024-03-28","DISCOFEED","bert4recs1","display","new","89",2138.6
"2024-03-28","DISCOFEED","contextual","display","returning","2",50
"2024-03-28","DISCOFEED","waterfall","display","new","8",218
"2024-03-28","DISCOFEED","waterfall","click","returning","1",10
"2024-03-28","DISCOFEED","contextual","click","new","1",10
"2024-03-28","LEAD_GEN","contextual","display","new","7",127
"2024-03-28",,,"display","lapsed","1",35
"2024-03-28","DISCOFEED","bert4recs1","display","returning","240",2119.88
"2024-03-28",,,"display","new","3",69.5
"2024-03-28","DISCOFEED","bert4recs1","click","lapsed","3",184
"2024-03-28","SHOPIFY_NATIVE_DISCOFEED","bert4recs1","display","returning","1",0
"2024-03-28","DISCOFEED","waterfall","display","lapsed","1",10
"2024-03-29","DISCOFEED","bert4recs1","display","returning","208",2144.63
"2024-03-29","DISCOFEED","bert4recs1","click","new","22",575.01
"2024-03-29","DISCOFEED","waterfall","display","returning","5",38
"2024-03-29","LEAD_GEN","contextual","display","new","2",40
"2024-03-29","DISCOFEED","waterfall","display","new","4",120
"2024-03-29","DISCOFEED","bert4recs1","click","returning","6",75.01
"2024-03-29",,,"display","returning","9",64.44
"2024-03-29",,,"display","new","4",46
"2024-03-29","DISCOFEED","waterfall","click","new","2",50
"2024-03-29","DISCOFEED","bert4recs1","display","lapsed","20",528
"2024-03-29","DISCOFEED","bert4recs1","display","new","83",1910.61
"2024-03-29","DISCOFEED","contextual","display","returning","2",5
"2024-03-29","SHOPIFY_NATIVE_DISCOFEED","bert4recs1","display","returning","3",10
"2024-03-29","SHOPIFY_NATIVE_DISCOFEED","bert4recs1","display","new","5",90
"2024-03-29","LEAD_GEN","contextual","display","returning","1",10
"2024-03-29","DISCOFEED","bert4recs1","click","lapsed","3",55
"2024-03-29","LEAD_GEN","contextual","click","new","1",20
"2024-03-29","SHOPIFY_NATIVE_DISCOFEED","bert4recs1","display","lapsed","1",40
"2024-03-29","DISCOFEED","waterfall","display","lapsed","1",50
"2024-03-29","DISCOFEED","contextual","display","new","1",20
"2024-03-29","DISCOFEED","waterfall","click","returning","1",10
"2024-03-30","DISCOFEED","bert4recs1","click","lapsed","2",35
"2024-03-30","SHOPIFY_NATIVE_DISCOFEED","bert4recs1","display","new","1",20
"2024-03-30","DISCOFEED","contextual","display","new","1",20
"2024-03-30",,,"display","lapsed","1",7.1
"2024-03-30",,,"click","returning","1",2
"2024-03-30","DISCOFEED","contextual","click","new","1",30
"2024-03-30","DISCOFEED","bert4recs1","click","returning","11",126.97
"2024-03-30","LEAD_GEN","contextual","display","new","2",70
"2024-03-30","DISCOFEED","bert4recs1","display","lapsed","14",395.88
"2024-03-30","DISCOFEED","bert4recs1","display","new","71",1641.51
"2024-03-30","DISCOFEED","bert4recs1","display","returning","185",1697.91
"2024-03-30","DISCOFEED","waterfall","display","new","1",50
"2024-03-30","SHOPIFY_NATIVE_DISCOFEED","bert4recs1","display","returning","4",60
"2024-03-30",,,"display","new","2",20
"2024-03-30","DISCOFEED","waterfall","display","returning","8",148
"2024-03-30","DISCOFEED","waterfall","click","new","3",95
"2024-03-30","DISCOFEED","bert4recs1","click","new","20",547.1
"2024-03-30",,,"display","returning","12",100
"2024-03-30","LEAD_GEN","contextual","display","returning","6",60
"2024-03-30","LEAD_GEN","contextual","click","new","2",70
"2024-03-31","DISCOFEED","bert4recs1","click","returning","16",111.5
"2024-03-31","DISCOFEED","waterfall","display","returning","4",19
"2024-03-31","LEAD_GEN","contextual","display","new","4",80
"2024-03-31",,,"display","returning","11",29
"2024-03-31",,,"display","new","2",28
"2024-03-31","LEAD_GEN","contextual","display","lapsed","1",20
"2024-03-31","SHOPIFY_NATIVE_DISCOFEED","contextual","display","new","1",7
"2024-03-31","LEAD_GEN","contextual","display","returning","10",100
"2024-03-31",,,"display","lapsed","2",70
"2024-03-31","LEAD_GEN","contextual","click","new","6",132
"2024-03-31","DISCOFEED","bert4recs1","display","returning","152",1553.77
"2024-03-31","DISCOFEED","waterfall","click","new","5",145
"2024-03-31","DISCOFEED","bert4recs1","display","lapsed","12",405
"2024-03-31","DISCOFEED","bert4recs1","display","new","58",1597
"2024-03-31","DISCOFEED","bert4recs1","click","new","27",512.1
"2024-03-31","DISCOFEED","bert4recs1","click","lapsed","2",55
"2024-03-31","DISCOFEED","waterfall","display","lapsed","2",85
"2024-03-31","SHOPIFY_NATIVE_DISCOFEED","bert4recs1","display","returning","1",5
"2024-03-31","LEAD_GEN","contextual","click","returning","1",0
"2024-03-31","DISCOFEED","waterfall","display","new","6",220
"2024-04-01","DISCOFEED","bert4recs1","display","lapsed","17",553.01
"2024-04-01","DISCOFEED","bert4recs1","display","returning","159",1486.24
"2024-04-01","DISCOFEED","bert4recs1","display","new","78",2077.61
"2024-04-01","LEAD_GEN","contextual","click","new","1",20
"2024-04-01","DISCOFEED","waterfall","click","returning","2",5
"2024-04-01","DISCOFEED","bert4recs1","click","returning","19",238.97
"2024-04-01","DISCOFEED","bert4recs1","click","lapsed","5",135
"2024-04-01","DISCOFEED","bert4recs1","click","new","28",864.12
"2024-04-01",,,"display","new","2",80
"2024-04-01","DISCOFEED","contextual","display","new","2",90
"2024-04-01","DISCOFEED","waterfall","click","new","1",15
"2024-04-01","DISCOFEED","waterfall","display","new","11",318
"2024-04-01","DISCOFEED","contextual","display","returning","1",10
"2024-04-01","LEAD_GEN","contextual","display","new","1",20
"2024-04-01",,,"display","lapsed","1",35
"2024-04-01","LEAD_GEN","contextual","display","returning","5",50
"2024-04-01","DISCOFEED","contextual","click","new","3",47
"2024-04-01","DISCOFEED","waterfall","display","returning","16",158
"2024-04-01",,,"display","returning","8",48
"2024-04-01","SHOPIFY_NATIVE_DISCOFEED","bert4recs1","display","returning","1",10
"2024-04-02","LEAD_GEN","contextual","display","new","3",60
"2024-04-02","DISCOFEED","waterfall","click","new","2",29
"2024-04-02","DISCOFEED","bert4recs1","click","lapsed","4",95
"2024-04-02","LEAD_GEN","contextual","click","new","6",140
"2024-04-02","DISCOFEED","waterfall","display","returning","13",82
"2024-04-02","DISCOFEED","bert4recs1","click","returning","10",82.98
"2024-04-02","DISCOFEED","bert4recs1","display","returning","173",1860.81
"2024-04-02","DISCOFEED","bert4recs1","click","new","22",515.04
"2024-04-02","DISCOFEED","bert4recs1","display","new","90",2103.77
"2024-04-02",,,"display","returning","23",218.5
"2024-04-02","SHOPIFY_NATIVE_DISCOFEED","bert4recs1","display","new","4",60.25
"2024-04-02",,,"display","new","6",45
"2024-04-02","SHOPIFY_NATIVE_DISCOFEED","bert4recs1","display","returning","4",10
"2024-04-02","DISCOFEED","contextual","display","new","2",35
"2024-04-02","DISCOFEED","waterfall","display","lapsed","1",5
"2024-04-02",,,"display","lapsed","2",7
"2024-04-02","DISCOFEED","contextual","click","returning","1",35
"2024-04-02","DISCOFEED","waterfall","display","new","8",196
"2024-04-02","DISCOFEED","bert4recs1","display","lapsed","25",642
"2024-04-03","DISCOFEED","bert4recs1","click","new","18",538
"2024-04-03","SHOPIFY_NATIVE_DISCOFEED","bert4recs1","display","new","2",23
"2024-04-03","DISCOFEED","bert4recs1","display","returning","190",2139.42
"2024-04-03","DISCOFEED","waterfall","display","returning","6",83
"2024-04-03","DISCOFEED","contextual","display","new","1",50
"2024-04-03","SHOPIFY_NATIVE_DISCOFEED","bert4recs1","display","returning","5",61
"2024-04-03","DISCOFEED","bert4recs1","click","lapsed","3",47.1
"2024-04-03","DISCOFEED","bert4recs1","display","new","68",1835.1
"2024-04-03",,,"display","lapsed","2",70
"2024-04-03","DISCOFEED","bert4recs1","display","lapsed","25",652
"2024-04-03",,,"display","returning","10",54
"2024-04-03","DISCOFEED","waterfall","display","new","8",150
"2024-04-03","DISCOFEED","waterfall","click","new","5",105
"2024-04-03","DISCOFEED","bert4recs1","click","returning","14",82.44
"2024-04-03",,,"display","new","4",76.5
"2024-04-03","LEAD_GEN","contextual","display","new","2",40
"2024-04-03","LEAD_GEN","contextual","click","new","2",60
"2024-04-04","DISCOFEED","bert4recs1","click","returning","19",138.01
"2024-04-04","DISCOFEED","waterfall","display","returning","5",40
"2024-04-04","DISCOFEED","bert4recs1","display","new","109",2581.03
"2024-04-04","DISCOFEED","bert4recs1","display","returning","224",2071.11
"2024-04-04","DISCOFEED","contextual","display","new","1",0.01
"2024-04-04","DISCOFEED","bert4recs1","click","new","16",466.51
"2024-04-04","DISCOFEED","waterfall","display","new","3",60
"2024-04-04","DISCOFEED","contextual","display","returning","2",44
"2024-04-04",,,"display","new","11",129.5
"2024-04-04","DISCOFEED","waterfall","click","new","5",125
"2024-04-04","LEAD_GEN","contextual","display","new","1",20
"2024-04-04","DISCOFEED","contextual","click","new","1",35
"2024-04-04","LEAD_GEN","contextual","display","returning","1",10
"2024-04-04","DISCOFEED","bert4recs1","display","lapsed","22",785
"2024-04-04","LEAD_GEN","contextual","click","new","5",120
"2024-04-04",,,"display","lapsed","2",15
"2024-04-04","SHOPIFY_NATIVE_DISCOFEED","bert4recs1","display","new","1",5
"2024-04-04",,,"display","returning","12",70
"2024-04-04","DISCOFEED","contextual","display","lapsed","1",20
"2024-04-04","SHOPIFY_NATIVE_DISCOFEED","bert4recs1","display","returning","1",0
"2024-04-05","DISCOFEED","bert4recs1","click","new","8",155
"2024-04-05","DISCOFEED","bert4recs1","click","returning","8",58
"2024-04-05","DISCOFEED","boost5a25","display","new","16",378
"2024-04-05","SHOPIFY_NATIVE_DISCOFEED","bert4recs1","display","new","2",10
"2024-04-05","DISCOFEED","boost5a25","click","new","7",211.5
"2024-04-05","DISCOFEED","bert4recs1","click","lapsed","1",30
"2024-04-05",,,"display","new","4",90.1
"2024-04-05","LEAD_GEN","contextual","display","returning","2",85
"2024-04-05","DISCOFEED","boost5a25","display","returning","44",687
"2024-04-05","DISCOFEED","bert4recs1","display","new","48",954
"2024-04-05","DISCOFEED","boost5a25","display","lapsed","1",5
"2024-04-05","SHOPIFY_NATIVE_DISCOFEED","bert4recs1","display","returning","1",10
"2024-04-05",,,"click","new","1",5
"2024-04-05","DISCOFEED","contextual","display","new","1",40
"2024-04-05","SHOPIFY_NATIVE_DISCOFEED","boost5a25","display","returning","2",20
"2024-04-05","LEAD_GEN","contextual","click","new","8",362
"2024-04-05","SHOPIFY_NATIVE_DISCOFEED","boost5a25","display","new","2",45
"2024-04-05","DISCOFEED","bert4recs1","display","lapsed","22",501
"2024-04-05","DISCOFEED","waterfall","display","returning","7",24.44
"2024-04-05","DISCOFEED","boost5a25","click","returning","2",14.98
"2024-04-05","DISCOFEED","bert4recs1","display","returning","148",1455.4
"2024-04-05","DISCOFEED","waterfall","click","lapsed","1",15
"2024-04-05","SHOPIFY_NATIVE_DISCOFEED","bert4recs1","click","new","1",40
"2024-04-05","LEAD_GEN","contextual","display","new","4",200
"2024-04-05","DISCOFEED","waterfall","display","new","5",122.1
"2024-04-05",,,"display","returning","8",23.98
"2024-04-05","DISCOFEED","waterfall","click","new","2",40
"2024-04-05",,,"click","returning","1",20
"2024-04-05","LEAD_GEN","contextual","display","lapsed","1",20
"2024-04-06","DISCOFEED","boost5a25","click","new","32",734
"2024-04-06","DISCOFEED","boost5a25","display","lapsed","16",553
"2024-04-06","SHOPIFY_NATIVE_DISCOFEED","boost5a25","display","returning","7",28.98
"2024-04-06","DISCOFEED","boost5a25","display","returning","187",1810.4
"2024-04-06",,,"display","new","5",70
"2024-04-06","DISCOFEED","contextual","display","new","1",70
"2024-04-06","DISCOFEED","boost5a25","click","returning","20",175.98
"2024-04-06","DISCOFEED","waterfall","display","lapsed","2",55
"2024-04-06",,,"display","returning","7",15
"2024-04-06","DISCOFEED","waterfall","display","new","5",95
"2024-04-06",,,"display","lapsed","2",26.5
"2024-04-06","DISCOFEED","waterfall","click","new","2",45
"2024-04-06","DISCOFEED","boost5a25","display","new","84",2343
"2024-04-06","DISCOFEED","contextual","click","new","2",140
"2024-04-06","SHOPIFY_NATIVE_DISCOFEED","boost5a25","click","new","1",15
"2024-04-06","LEAD_GEN","contextual","click","new","5",132
"2024-04-06","DISCOFEED","waterfall","display","returning","11",82.5
"2024-04-06","DISCOFEED","boost5a25","click","lapsed","6",270
"2024-04-07",,,"display","new","8",105
"2024-04-07","DISCOFEED","waterfall","display","new","2",65
"2024-04-07","DISCOFEED","boost5a25","display","lapsed","27",793
"2024-04-07","DISCOFEED","waterfall","click","new","1",15
"2024-04-07","LEAD_GEN","contextual","display","new","1",20
"2024-04-07","DISCOFEED","waterfall","display","lapsed","1",20
"2024-04-07","DISCOFEED","boost5a25","display","new","78",2058.5
"2024-04-07","SHOPIFY_NATIVE_DISCOFEED","boost5a25","display","new","3",57
"2024-04-07","LEAD_GEN","contextual","click","new","5",135
"2024-04-07","DISCOFEED","boost5a25","click","new","25",752
"2024-04-07","LEAD_GEN","contextual","display","lapsed","1",20
"2024-04-07","DISCOFEED","waterfall","click","returning","1",19
"2024-04-07","LEAD_GEN","contextual","display","returning","1",10
"2024-04-07","DISCOFEED","boost5a25","click","returning","15",206.48
"2024-04-07","DISCOFEED","bert4recs1","click","new","1",30
"2024-04-07","SHOPIFY_NATIVE_DISCOFEED","boost5a25","display","returning","1",10
"2024-04-07","DISCOFEED","boost5a25","click","lapsed","1",100
"2024-04-07",,,"display","lapsed","1",15
"2024-04-07","DISCOFEED","waterfall","display","returning","8",67.5
"2024-04-07",,,"display","returning","5",5
"2024-04-07","DISCOFEED","boost5a25","display","returning","173",1771.48
"2024-04-08","DISCOFEED","boost5a25","display","lapsed","19",770
"2024-04-08",,,"display","new","2",23
"2024-04-08","SHOPIFY_NATIVE_DISCOFEED","boost5a25","display","new","2",10
"2024-04-08","LEAD_GEN","contextual","display","returning","2",20
"2024-04-08","DISCOFEED","waterfall","display","new","2",25
"2024-04-08","DISCOFEED","waterfall","click","returning","3",20
"2024-04-08","LEAD_GEN","contextual","display","new","7",140
"2024-04-08","LEAD_GEN","contextual","click","returning","1",10
"2024-04-08","SHOPIFY_NATIVE_DISCOFEED","boost5a25","display","returning","3",11
"2024-04-08","DISCOFEED","boost5a25","click","new","20",445.1
"2024-04-08","DISCOFEED","contextual","display","returning","3",120
"2024-04-08","DISCOFEED","contextual","display","new","1",20
"2024-04-08",,,"display","lapsed","2",20
"2024-04-08","DISCOFEED","boost5a25","click","returning","16",108
"2024-04-08",,,"display","returning","15",30
"2024-04-08","SHOPIFY_NATIVE_DISCOFEED","boost5a25","click","lapsed","1",25
"2024-04-08","LEAD_GEN","contextual","click","new","4",80
"2024-04-08","DISCOFEED","waterfall","display","returning","7",44
"2024-04-08","DISCOFEED","boost5a25","display","new","94",2197.6
"2024-04-08","DISCOFEED","waterfall","click","new","1",15
"2024-04-08","DISCOFEED","boost5a25","display","returning","204",1839.16
"2024-04-08",,,"click","returning","1",0
"2024-04-08","DISCOFEED","boost5a25","click","lapsed","3",90
"2024-04-09","DISCOFEED","boost5a25","display","lapsed","42",1427.1
"2024-04-09","LEAD_GEN","contextual","display","lapsed","1",20
"2024-04-09","DISCOFEED","waterfall","display","returning","9",66.44
"2024-04-09","DISCOFEED","boost5a25","display","returning","226",1966.21
"2024-04-09",,,"display","new","3",41.5
"2024-04-09","DISCOFEED","boost5a25","click","new","14",348.01
"2024-04-09",,,"display","lapsed","2",19.5
"2024-04-09","SHOPIFY_NATIVE_DISCOFEED","boost5a25","display","lapsed","1",10
"2024-04-09",,,"click","new","1",25
"2024-04-09","DISCOFEED","waterfall","display","lapsed","1",7.1
"2024-04-09","DISCOFEED","boost5a25","click","returning","12",71
"2024-04-09","SHOPIFY_NATIVE_DISCOFEED","boost5a25","display","new","4",23.75
"2024-04-09","DISCOFEED","waterfall","click","new","4",67.1
"2024-04-09","DISCOFEED","boost5a25","click","lapsed","5",210
"2024-04-09",,,"display","returning","16",84
"2024-04-09","LEAD_GEN","contextual","display","returning","1",0
"2024-04-09","DISCOFEED","contextual","display","new","2",25
"2024-04-09","LEAD_GEN","contextual","click","returning","1",0
"2024-04-09","LEAD_GEN","contextual","click","new","5",102
"2024-04-09","SHOPIFY_NATIVE_DISCOFEED","boost5a25","display","returning","6",6
"2024-04-09","LEAD_GEN","contextual","display","new","2",40
"2024-04-09","DISCOFEED","waterfall","display","new","9",202.1
"2024-04-09","DISCOFEED","boost5a25","display","new","84",2284.01
"2024-04-10",,,"display","new","5",25
"2024-04-10","DISCOFEED","waterfall","click","new","4",80.4
"2024-04-10","DISCOFEED","boost5a25","display","returning","271",2344.55
"2024-04-10","DISCOFEED","contextual","display","returning","2",11
"2024-04-10","DISCOFEED","waterfall","display","new","7",160
"2024-04-10","DISCOFEED","boost5a25","display","new","101",2575
"2024-04-10","LEAD_GEN","contextual","display","new","3",60
"2024-04-10","DISCOFEED","boost5a25","display","lapsed","36",901.5
"2024-04-10","DISCOFEED","waterfall","click","returning","2",11.5
"2024-04-10","DISCOFEED","boost5a25","click","new","24",619
"2024-04-10",,,"display","lapsed","2",120
"2024-04-10","DISCOFEED","waterfall","display","returning","18",160.44
"2024-04-10",,,"display","returning","13",50
"2024-04-10","LEAD_GEN","contextual","click","new","1",20
"2024-04-10","SHOPIFY_NATIVE_DISCOFEED","boost5a25","display","lapsed","1",20
"2024-04-10","DISCOFEED","waterfall","display","lapsed","3",65
"2024-04-10","DISCOFEED","boost5a25","click","returning","21",106
"2024-04-10","DISCOFEED","boost5a25","click","lapsed","4",140
"2024-04-10","DISCOFEED","waterfall","click","lapsed","1",25
"2024-04-10","SHOPIFY_NATIVE_DISCOFEED","boost5a25","display","new","4",155
"2024-04-10","SHOPIFY_NATIVE_DISCOFEED","boost5a25","display","returning","8",26
"2024-04-10","DISCOFEED","contextual","display","new","1",0
"2024-04-11","SHOPIFY_NATIVE_DISCOFEED","boost5a25","display","new","6",155
"2024-04-11","DISCOFEED","contextual","display","new","3",140
"2024-04-11","DISCOFEED","boost5a25","display","returning","226",1767.13
"2024-04-11","SHOPIFY_NATIVE_DISCOFEED","boost5a25","display","returning","8",24
"2024-04-11",,,"display","new","8",103
"2024-04-11","DISCOFEED","boost5a25","click","new","28",915.01
"2024-04-11","DISCOFEED","waterfall","display","returning","6",44.5
"2024-04-11",,,"display","lapsed","1",5
"2024-04-11","DISCOFEED","waterfall","click","new","4",100
"2024-04-11","DISCOFEED","boost5a25","display","new","79",1687.6
"2024-04-11","DISCOFEED","waterfall","display","new","2",32.1
"2024-04-11","DISCOFEED","waterfall","click","returning","1",0
"2024-04-11","DISCOFEED","boost5a25","click","returning","20",178
"2024-04-11",,,"display","returning","26",90
"2024-04-11","LEAD_GEN","contextual","click","returning","1",5
"2024-04-11","DISCOFEED","boost5a25","display","lapsed","53",1437.11
"2024-04-11","LEAD_GEN","contextual","click","new","2",55
"2024-04-11","DISCOFEED","boost5a25","click","lapsed","5",93.6
"2024-04-12","DISCOFEED","boost5a25","click","new","26",775
"2024-04-12","DISCOFEED","boost5a25","display","returning","251",2214.39
"2024-04-12",,,"display","new","8",73
"2024-04-12","DISCOFEED","boost5a25","display","new","85",1990
"2024-04-12","DISCOFEED","contextual","display","returning","1",10
"2024-04-12","DISCOFEED","boost5a25","click","lapsed","3",115.4
"2024-04-12","LEAD_GEN","contextual","click","new","8",193
"2024-04-12","DISCOFEED","boost5a25","click","returning","9",81
"2024-04-12",,,"display","returning","20",83
"2024-04-12","SHOPIFY_NATIVE_DISCOFEED","boost5a25","display","new","4",80
"2024-04-12",,,"display","lapsed","1",25
"2024-04-12","DISCOFEED","contextual","display","new","2",85
"2024-04-12","SHOPIFY_NATIVE_DISCOFEED","contextual","display","returning","1",35
"2024-04-12","SHOPIFY_NATIVE_DISCOFEED","boost5a25","display","lapsed","1",25
"2024-04-12","DISCOFEED","boost5a25","display","lapsed","30",841.51
"2024-04-12","SHOPIFY_NATIVE_DISCOFEED","boost5a25","display","returning","16",130.01
"2024-04-13","DISCOFEED","boost5a25","display","new","72",1784
"2024-04-13","DISCOFEED","boost5a25","click","new","37",814.11
"2024-04-13","DISCOFEED","boost5a25","display","returning","202",1671.98
"2024-04-13","DISCOFEED","contextual","click","new","1",30
"2024-04-13","LEAD_GEN","contextual","display","new","1",40
"2024-04-13","DISCOFEED","contextual","display","new","1",20
"2024-04-13","LEAD_GEN","contextual","display","returning","1",5
"2024-04-13","SHOPIFY_NATIVE_DISCOFEED","boost5a25","display","lapsed","1",50
"2024-04-13","SHOPIFY_NATIVE_DISCOFEED","boost5a25","display","new","4",63
"2024-04-13",,,"display","lapsed","1",16.5
"2024-04-13","SHOPIFY_NATIVE_DISCOFEED","boost5a25","display","returning","7",75
"2024-04-13","DISCOFEED","boost5a25","click","lapsed","5",235
"2024-04-13","DISCOFEED","boost5a25","display","lapsed","19",617
"2024-04-13",,,"display","new","7",115
"2024-04-13","DISCOFEED","boost5a25","click","returning","20",104.72
"2024-04-13","LEAD_GEN","contextual","click","new","11",302
"2024-04-13","SHOPIFY_NATIVE_DISCOFEED","contextual","click","new","1",35
"2024-04-13",,,"display","returning","8",60
"2024-04-14","SHOPIFY_NATIVE_DISCOFEED","boost5a25","click","lapsed","1",15
"2024-04-14","DISCOFEED","boost5a25","click","lapsed","3",95
"2024-04-14","DISCOFEED","contextual","display","new","1",20
"2024-04-14","LEAD_GEN","contextual","display","new","2",30
"2024-04-14","SHOPIFY_NATIVE_DISCOFEED","boost5a25","display","new","6",134
"2024-04-14",,,"display","new","3",55
"2024-04-14","SHOPIFY_NATIVE_DISCOFEED","contextual","click","new","1",7
"2024-04-14","DISCOFEED","boost5a25","display","new","65",1484
"2024-04-14","DISCOFEED","boost5a25","click","returning","13",207.72
"2024-04-14","DISCOFEED","boost5a25","display","lapsed","27",865
"2024-04-14","LEAD_GEN","contextual","click","returning","1",5
"2024-04-14","LEAD_GEN","contextual","click","new","5",120
"2024-04-14","SHOPIFY_NATIVE_DISCOFEED","boost5a25","click","new","2",40
"2024-04-14",,,"display","returning","17",25
"2024-04-14","DISCOFEED","boost5a25","display","returning","190",1628.41
"2024-04-14","DISCOFEED","boost5a25","click","new","37",848.88
"2024-04-14","SHOPIFY_NATIVE_DISCOFEED","contextual","display","new","1",20
"2024-04-14","LEAD_GEN","contextual","display","returning","1",10
"2024-04-14","DISCOFEED","contextual","display","returning","2",10
"2024-04-14","SHOPIFY_NATIVE_DISCOFEED","boost5a25","display","lapsed","2",50
"2024-04-14","SHOPIFY_NATIVE_DISCOFEED","boost5a25","display","returning","7",50
"2024-04-15","DISCOFEED","boost5a25","display","new","72",1881
"2024-04-15","LEAD_GEN","contextual","click","returning","1",10
"2024-04-15","LEAD_GEN","contextual","display","returning","1",0
"2024-04-15","SHOPIFY_NATIVE_DISCOFEED","boost5a25","click","new","1",45
"2024-04-15","DISCOFEED","contextual","display","returning","1",10
"2024-04-15","DISCOFEED","contextual","display","new","1",70
"2024-04-15","SHOPIFY_NATIVE_DISCOFEED","boost5a25","display","lapsed","2",25
"2024-04-15","LEAD_GEN","contextual","display","new","3",80
"2024-04-15","DISCOFEED","boost5a25","display","lapsed","23",717.11
"2024-04-15","SHOPIFY_NATIVE_DISCOFEED","boost5a25","display","new","2",30
"2024-04-15",,,"display","lapsed","1",10
"2024-04-15",,,"display","new","4",27
"2024-04-15","DISCOFEED","boost5a25","click","new","21",523
"2024-04-15","DISCOFEED","boost5a25","click","returning","5",31
"2024-04-15","DISCOFEED","boost5a25","display","returning","190",1502.97
"2024-04-15",,,"display","returning","9",171
"2024-04-15","SHOPIFY_NATIVE_DISCOFEED","boost5a25","click","returning","1",20
"2024-04-15","DISCOFEED","boost5a25","click","lapsed","5",156
"2024-04-15","LEAD_GEN","contextual","click","new","2",22
"2024-04-15","SHOPIFY_NATIVE_DISCOFEED","boost5a25","display","returning","11",94
"2024-04-16","DISCOFEED","boost5a25","display","lapsed","25",633
"2024-04-16",,,"display","returning","16",81
"2024-04-16","SHOPIFY_NATIVE_DISCOFEED","contextual","display","new","1",20
"2024-04-16","SHOPIFY_NATIVE_DISCOFEED","boost5a25","click","lapsed","1",25
"2024-04-16","SHOPIFY_NATIVE_DISCOFEED","boost5a25","display","returning","13",90
"2024-04-16","LEAD_GEN","contextual","click","returning","1",10
"2024-04-16",,,"display","lapsed","1",20
"2024-04-16",,,"display","new","6",61
"2024-04-16",,,"click","returning","1",0
"2024-04-16","DISCOFEED","boost5a25","click","new","26",695
"2024-04-16","DISCOFEED","boost5a25","display","returning","191",1536.4
"2024-04-16","SHOPIFY_NATIVE_DISCOFEED","boost5a25","display","new","7",136.5
"2024-04-16","LEAD_GEN","contextual","click","new","3",70
"2024-04-16","SHOPIFY_NATIVE_DISCOFEED","boost5a25","click","returning","1",12
"2024-04-16","DISCOFEED","contextual","display","lapsed","1",10
"2024-04-16","DISCOFEED","boost5a25","display","new","77",1693
"2024-04-16","SHOPIFY_NATIVE_DISCOFEED","contextual","display","returning","1",10
"2024-04-16","SHOPIFY_NATIVE_DISCOFEED","boost5a25","click","new","1",18
"2024-04-16","DISCOFEED","boost5a25","click","lapsed","3",95
"2024-04-16","DISCOFEED","boost5a25","click","returning","17",79.98
"2024-04-17","SHOPIFY_NATIVE_DISCOFEED","boost5a25","click","new","1",50
"2024-04-17","LEAD_GEN","contextual","display","new","1",100
"2024-04-17","LEAD_GEN","contextual","display","lapsed","1",20
"2024-04-17","SHOPIFY_NATIVE_DISCOFEED","contextual","click","new","1",25
"2024-04-17","DISCOFEED","boost5a25","click","new","23",688.87
"2024-04-17","DISCOFEED","boost5a25","display","lapsed","19",639.5
"2024-04-17",,,"display","returning","8",50
"2024-04-17","SHOPIFY_NATIVE_DISCOFEED","boost5a25","display","returning","7",56
"2024-04-17","DISCOFEED","boost5a25","display","new","74",1943
"2024-04-17","DISCOFEED","boost5a25","click","lapsed","7",235
"2024-04-17","LEAD_GEN","contextual","click","returning","1",10
"2024-04-17",,,"display","lapsed","3",65
"2024-04-17","SHOPIFY_NATIVE_DISCOFEED","boost5a25","display","new","1",20
"2024-04-17",,,"display","new","2",45
"2024-04-17","DISCOFEED","boost5a25","display","returning","191",2010.52
"2024-04-17","DISCOFEED","contextual","click","new","1",35
"2024-04-17","SHOPIFY_NATIVE_DISCOFEED","contextual","display","new","1",20
"2024-04-17","SHOPIFY_NATIVE_DISCOFEED","boost5a25","click","returning","2",10
"2024-04-17","SHOPIFY_NATIVE_DISCOFEED","boost5a25","display","lapsed","2",90
"2024-04-17","DISCOFEED","boost5a25","click","returning","11",181
"2024-04-17","DISCOFEED","contextual","display","returning","2",35
"2024-04-17","LEAD_GEN","contextual","click","new","4",68
"2024-04-18","DISCOFEED","boost5a25","display","lapsed","24",509
"2024-04-18","SHOPIFY_NATIVE_DISCOFEED","boost5a25","display","returning","5",28
"2024-04-18","DISCOFEED","boost5a25","display","returning","202",1183.84
"2024-04-18","SHOPIFY_NATIVE_DISCOFEED","boost5a25","display","lapsed","1",25
"2024-04-18","DISCOFEED","boost5a25","click","returning","13",81.5
"2024-04-18","DISCOFEED","boost5a25","click","lapsed","4",130
"2024-04-18","SHOPIFY_NATIVE_DISCOFEED","boost5a25","click","new","1",5
"2024-04-18","LEAD_GEN","contextual","click","new","2",27
"2024-04-18",,,"display","new","5",78
"2024-04-18","LEAD_GEN","contextual","display","new","1",15
"2024-04-18","SHOPIFY_NATIVE_DISCOFEED","contextual","display","new","1",20
"2024-04-18",,,"click","new","1",5
"2024-04-18","DISCOFEED","boost5a25","display","new","79",2147.5
"2024-04-18","SHOPIFY_NATIVE_DISCOFEED","contextual","click","new","1",20
"2024-04-18","DISCOFEED","boost5a25","click","new","22",502.1
"2024-04-18","SHOPIFY_NATIVE_DISCOFEED","boost5a25","display","new","3",42
"2024-04-18","DISCOFEED","waterfall","display","returning","2",14
"2024-04-18",,,"display","returning","9",39
"2024-04-18",,,"display","lapsed","1",15
"2024-04-19","DISCOFEED","waterfall","click","new","4",115
"2024-04-19","SHOPIFY_NATIVE_DISCOFEED","boost5a25","display","lapsed","1",50
"2024-04-19","DISCOFEED","contextual","display","new","1",15
"2024-04-19","DISCOFEED","boost5a25","click","new","18",490.5
"2024-04-19","DISCOFEED","waterfall","display","new","3",85
"2024-04-19",,,"display","returning","16",58
"2024-04-19","DISCOFEED","waterfall","display","returning","9",76
"2024-04-19","SHOPIFY_NATIVE_DISCOFEED","boost5a25","click","new","3",70
"2024-04-19",,,"display","new","8",103
"2024-04-19","DISCOFEED","boost5a25","display","returning","175",1417.73
"2024-04-19","SHOPIFY_NATIVE_DISCOFEED","boost5a25","display","returning","14",103
"2024-04-19",,,"display","lapsed","1",3
"2024-04-19","LEAD_GEN","contextual","click","new","2",38
"2024-04-19","DISCOFEED","boost5a25","display","new","62",1375
"2024-04-19","SHOPIFY_NATIVE_DISCOFEED","boost5a25","display","new","2",32
"2024-04-19","DISCOFEED","waterfall","click","returning","1",15
"2024-04-19","DISCOFEED","boost5a25","click","lapsed","6",135
"2024-04-19","DISCOFEED","boost5a25","display","lapsed","23",724
"2024-04-19","DISCOFEED","boost5a25","click","returning","24",260
"2024-04-20","DISCOFEED","waterfall","display","new","10",290
"2024-04-20","DISCOFEED","waterfall","display","returning","13",119.98
"2024-04-20",,,"display","lapsed","1",50
"2024-04-20","DISCOFEED","boost5a25","display","new","54",1221.5
"2024-04-20","DISCOFEED","waterfall","click","new","1",40
"2024-04-20","LEAD_GEN","contextual","click","new","6",69
"2024-04-20","SHOPIFY_NATIVE_DISCOFEED","boost5a25","click","new","1",25
"2024-04-20","DISCOFEED","waterfall","display","lapsed","1",25
"2024-04-20","LEAD_GEN","contextual","display","new","1",20
"2024-04-20",,,"display","returning","7",46.5
"2024-04-20","DISCOFEED","boost5a25","display","lapsed","28",830
"2024-04-20","DISCOFEED","boost5a25","click","new","24",629.87
"2024-04-20","DISCOFEED","boost5a25","display","returning","138",1250
"2024-04-20","SHOPIFY_NATIVE_DISCOFEED","boost5a25","display","returning","7",43
"2024-04-20",,,"display","new","9",88
"2024-04-20","DISCOFEED","boost5a25","click","returning","14",206.98
"2024-04-20","DISCOFEED","boost5a25","click","lapsed","3",125
"2024-04-20","SHOPIFY_NATIVE_DISCOFEED","boost5a25","click","returning","1",0
"2024-04-20","SHOPIFY_NATIVE_DISCOFEED","boost5a25","display","new","3",60.5
"2024-04-20","DISCOFEED","contextual","display","lapsed","1",20
"2024-04-21","DISCOFEED","waterfall","display","new","6",105
"2024-04-21",,,"display","returning","4",15
"2024-04-21","DISCOFEED","waterfall","click","returning","1",10
"2024-04-21","DISCOFEED","boost5a25","display","lapsed","14",315
"2024-04-21","DISCOFEED","boost5a25","click","new","24",636.1
"2024-04-21","LEAD_GEN","contextual","click","new","3",58
"2024-04-21","DISCOFEED","boost5a25","display","new","49",1055
"2024-04-21",,,"display","new","3",15
"2024-04-21","DISCOFEED","contextual","display","returning","1",0
"2024-04-21","LEAD_GEN","contextual","display","new","4",80
"2024-04-21","SHOPIFY_NATIVE_DISCOFEED","boost5a25","display","new","4",65
"2024-04-21","LEAD_GEN","contextual","display","returning","3",15
"2024-04-21","DISCOFEED","waterfall","display","returning","12",113
"2024-04-21","SHOPIFY_NATIVE_DISCOFEED","boost5a25","display","lapsed","1",35
"2024-04-21","DISCOFEED","waterfall","click","lapsed","1",20
"2024-04-21",,,"display","lapsed","1",0
"2024-04-21","SHOPIFY_NATIVE_DISCOFEED","boost5a25","display","returning","4",15
"2024-04-21","DISCOFEED","waterfall","display","lapsed","4",115
"2024-04-21","DISCOFEED","waterfall","click","new","5",143
"2024-04-21","DISCOFEED","boost5a25","click","lapsed","6",215.4
"2024-04-21","DISCOFEED","boost5a25","display","returning","125",1170.62
"2024-04-21","DISCOFEED","boost5a25","click","returning","15",167.98
"2024-04-22","DISCOFEED","boost5a25","display","lapsed","12",270
"2024-04-22",,,"display","returning","4",35
"2024-04-22","SHOPIFY_NATIVE_DISCOFEED","boost5a25","display","lapsed","1",15
"2024-04-22","DISCOFEED","waterfall","display","lapsed","2",140
"2024-04-22","DISCOFEED","boost5a25","display","new","67",1466.3
"2024-04-22","DISCOFEED","waterfall","click","returning","2",1
"2024-04-22",,,"display","new","1",5
"2024-04-22",,,"display","lapsed","1",5
"2024-04-22","SHOPIFY_NATIVE_DISCOFEED","boost5a25","display","returning","5",80
"2024-04-22","SHOPIFY_NATIVE_DISCOFEED","contextual","display","new","1",20
"2024-04-22","LEAD_GEN","contextual","display","new","2",40
"2024-04-22","LEAD_GEN","contextual","click","new","2",58
"2024-04-22","DISCOFEED","waterfall","click","new","4",140
"2024-04-22","DISCOFEED","boost5a25","click","lapsed","2",45
"2024-04-22","DISCOFEED","boost5a25","click","new","27",825.5
"2024-04-22","SHOPIFY_NATIVE_DISCOFEED","boost5a25","display","new","5",120
"2024-04-22","DISCOFEED","waterfall","display","new","1",30
"2024-04-22","DISCOFEED","boost5a25","click","returning","10",134
"2024-04-22","DISCOFEED","waterfall","click","lapsed","1",50
"2024-04-22","DISCOFEED","waterfall","display","returning","8",142.98
"2024-04-22","DISCOFEED","boost5a25","display","returning","104",1019.44
"2024-04-23","DISCOFEED","contextual","click","new","2",65
"2024-04-23","DISCOFEED","boost5a25","click","new","29",704
"2024-04-23","DISCOFEED","boost5a25","display","returning","79",525.98
"2024-04-23","SHOPIFY_NATIVE_DISCOFEED","boost5a25","display","new","2",25
"2024-04-23","DISCOFEED","boost5a25","display","new","34",635
"2024-04-23","DISCOFEED","waterfall","click","new","2",90
"2024-04-23","SHOPIFY_NATIVE_DISCOFEED","boost5a25","display","returning","3",55
"2024-04-23",,,"display","new","4",93
"2024-04-23","LEAD_GEN","contextual","click","new","3",85
"2024-04-23","DISCOFEED","boost5a25","click","returning","11",152
"2024-04-23","SHOPIFY_NATIVE_DISCOFEED","boost5a25","click","returning","1",10
"2024-04-23","DISCOFEED","boost5a25","click","lapsed","4",185
"2024-04-23","DISCOFEED","waterfall","click","returning","1",5
"2024-04-23",,,"display","lapsed","1",20
"2024-04-23","DISCOFEED","boost5a25","display","lapsed","11",243
"2024-04-23","DISCOFEED","contextual","display","returning","2",0
"2024-04-23","LEAD_GEN","contextual","display","new","2",23
"2024-04-23","DISCOFEED","waterfall","display","returning","2",11
"2024-04-23",,,"display","returning","4",55
"2024-04-24","DISCOFEED","boost5a25","display","lapsed","12",445
"2024-04-24","DISCOFEED","boost5a25","display","returning","77",670.92
"2024-04-24",,,"display","new","1",5
"2024-04-24","DISCOFEED","waterfall","click","new","2",60
"2024-04-24","DISCOFEED","waterfall","display","returning","10",99.98
"2024-04-24","SHOPIFY_NATIVE_DISCOFEED","boost5a25","click","new","3",65
"2024-04-24","LEAD_GEN","contextual","click","new","5",186
"2024-04-24","DISCOFEED","contextual","display","returning","2",20
"2024-04-24",,,"display","returning","1",0
"2024-04-24","SHOPIFY_NATIVE_DISCOFEED","boost5a25","display","returning","2",10
"2024-04-24","SHOPIFY_NATIVE_DISCOFEED","boost5a25","display","new","4",88
"2024-04-24","DISCOFEED","boost5a25","click","returning","13",180.72
"2024-04-24","DISCOFEED","contextual","display","new","1",20
"2024-04-24","DISCOFEED","boost5a25","click","new","23",597
"2024-04-24","DISCOFEED","boost5a25","click","lapsed","3",35
"2024-04-24","DISCOFEED","waterfall","display","new","3",65
"2024-04-24","LEAD_GEN","contextual","display","new","1",20
"2024-04-24","DISCOFEED","boost5a25","display","new","42",789
"2024-04-25","DISCOFEED","boost5a25","click","new","25",497
"2024-04-25","DISCOFEED","waterfall","click","returning","2",27.5
"2024-04-25","LEAD_GEN","contextual","click","returning","2",0
"2024-04-25","DISCOFEED","waterfall","click","new","5",69
"2024-04-25","SHOPIFY_NATIVE_DISCOFEED","boost5a25","click","new","1",20
"2024-04-25","LEAD_GEN","contextual","display","returning","1",10
"2024-04-25","DISCOFEED","boost5a25","display","returning","44",304.98
"2024-04-25","DISCOFEED","waterfall","display","new","3",105
"2024-04-25","SHOPIFY_NATIVE_DISCOFEED","boost5a25","display","lapsed","1",5
"2024-04-25","DISCOFEED","boost5a25","display","new","36",659.5
"2024-04-25","LEAD_GEN","contextual","click","new","4",67
"2024-04-25","DISCOFEED","contextual","display","new","1",20
"2024-04-25",,,"display","returning","3",0
"2024-04-25","DISCOFEED","boost5a25","click","lapsed","5",105
"2024-04-25","DISCOFEED","waterfall","display","returning","5",23.98
"2024-04-25","DISCOFEED","waterfall","click","lapsed","1",30
"2024-04-25","SHOPIFY_NATIVE_DISCOFEED","boost5a25","display","new","1",5
"2024-04-25","LEAD_GEN","contextual","display","new","2",40
"2024-04-25",,,"display","new","1",5
"2024-04-25","DISCOFEED","boost5a25","display","lapsed","5",142.1
"2024-04-25","DISCOFEED","boost5a25","click","returning","7",28.5
"2024-04-26","LEAD_GEN","contextual","click","new","3",45
"2024-04-26","DISCOFEED","waterfall","click","new","2",30
"2024-04-26","SHOPIFY_NATIVE_DISCOFEED","boost5a25","click","new","1",25
"2024-04-26","DISCOFEED","boost5a25","display","new","2",19
"2024-04-26","SHOPIFY_NATIVE_DISCOFEED","boost5a25","display","new","1",18
"2024-04-26","DISCOFEED","waterfall","display","returning","1",8
"2024-04-26","DISCOFEED","waterfall","click","returning","1",10
"2024-04-26","DISCOFEED","boost5a25","click","returning","1",0
"2024-04-26","DISCOFEED","waterfall","display","new","1",20
"2024-04-26","DISCOFEED","boost5a25","click","lapsed","1",70
"2024-04-26","DISCOFEED","contextual","click","new","1",50
"2024-04-26","DISCOFEED","boost5a25","click","new","6",125