PUBLISHER_NAME,BRAND_NAME,BRAND_IMPRESSIONS,AVG_CPA,AVG_CPO,CONV_COUNT,TOTAL_AD_SPEND,RPM
Caden Lane,Laura Geller,26984,15,0,42,450.00,16.67655000
Caden Lane,Bodily,19856,35,12,61,1596.00,80.37873000
Caden Lane,Tubby Todd Bath Co.,17857,10,0,128,1020.00,57.12046000
Caden Lane,Little Words Project,16129,15,10,18,225.00,13.95003000
Caden Lane,Liquid I.V.,13529,35,0,10,245.00,18.10925000
Caden Lane,True Classic,13313,45,0,10,315.00,23.66108000
Caden Lane,Willow Pumps,10513,40,0,12,440.00,41.85294000
Caden Lane,Coterie,9361,17,0,28,396.00,42.30317000
Caden Lane,Newton Baby,7160,3,0,10,24.00,3.35196000
Caden Lane,UNTUCKit,7028,,,0,0.00,
Caden Lane,MANSCAPED,6099,0,0,1,0.01,0.00164000
Caden Lane,Afloral,3620,30,20,1,20.00,5.52486000
Caden Lane,Dr. Squatch,3468,25,1,2,26.00,7.49712000
Caden Lane,Beyond Polish,3467,8,0,1,8.00,2.30747000
Caden Lane,"Dermaclara, LLC",3436,15,10,3,45.00,13.09662000
Caden Lane,Sol de Janeiro,3385,20,10,6,10.00,2.95421000
Caden Lane,120/Life,3313,,,0,0.00,
Caden Lane,Love Your Melon,3211,30,19,3,79.80,24.85207000
Caden Lane,Once Upon a Farm,3062,40,0,3,120.00,39.19007000
Caden Lane,Solly Baby,3001,18,12,6,108.00,35.98800000
Caden Lane,Lalo,2944,20,10,5,80.00,27.17391000
Caden Lane,AAVRANI,2830,,,0,0.00,
Caden Lane,Morphe,2706,,,0,0.00,
Caden Lane,biom,2415,,,0,0.00,
Caden Lane,Dollar Shave Club,2121,30,5,5,50.00,23.57379000
Caden Lane,Viori Beauty,2056,15,8,3,31.00,15.07782000
Caden Lane,Beekman 1802,2031,35,10,1,10.00,4.92368000
Caden Lane,Nanit,1941,50,25,9,425.00,218.95930000
Caden Lane,NOT!CE Hair Co,1751,,,0,0.00,
Caden Lane,Tula Skincare,1688,50,0,1,0.00,0.00000000
Caden Lane,Mario Badescu Skin Care,1674,12,0,1,0.00,0.00000000
Caden Lane,SPONGELLE,1614,20,15,1,15.00,9.29368000
Caden Lane,Lalabu,1574,7,4,1,7.00,4.44727000
Caden Lane,Serenity Kids,1452,,,0,0.00,
Caden Lane,A Kids Co.,1415,,,0,0.00,
Caden Lane,Airo Collective,1331,,,0,0.00,
Caden Lane,QALO,1285,7,4,1,7.10,5.52529000
Caden Lane,ILIA,1279,20,20,2,40.00,31.27443000
Caden Lane,TriLASTIN,1230,40,10,2,50.00,40.65041000
Caden Lane,Airsign,1210,,,0,0.00,
Caden Lane,The CrunchCup,1106,,,0,0.00,
Caden Lane,Ancient Nutrition,1093,25,5,1,5.00,4.57457000
Caden Lane,Electric Picks Jewelry,1063,30,15,1,15.00,14.11101000
Caden Lane,Le Mini Macaron,1013,,,0,0.00,
Caden Lane,Gathre,975,20,20,1,20.00,20.51282000
Caden Lane,Homesick Candles,958,,,0,0.00,
Caden Lane,Alpyn Beauty,867,,,0,0.00,
Caden Lane,Alkavida,857,,,0,0.00,
Caden Lane,Moby Wrap,857,,,0,0.00,
Caden Lane,Ursa Major,796,30,10,1,9.98,12.53769000
Caden Lane,Wolf & Shepherd,788,50,15,2,100.00,126.90355000
Caden Lane,Dropps,770,25,5,1,5.00,6.49351000
Caden Lane,jane iredale,765,20,5,9,60.00,78.43137000
Caden Lane,For Days,694,30,15,5,105.00,151.29683000
Caden Lane,ByHeart,691,30,10,4,60.00,86.83068000
Caden Lane,BlendJet,632,10,5,1,5.00,7.91139000
Caden Lane,Cali's Books,621,,,0,0.00,
Caden Lane,Altitude Functional Beverages,619,,,0,0.00,
Caden Lane,Yana Sleep,601,,,0,0.00,
Caden Lane,Ami Colé,594,,,0,0.00,
Caden Lane,Wondery,584,,,0,0.00,
Caden Lane,Natalist Co.,582,,,0,0.00,
Caden Lane,Birthdate Co.,559,,,0,0.00,
Caden Lane,Posh Peanut,537,20,0,3,40.00,74.48790000
Caden Lane,Amberjack,531,,,0,0.00,
Caden Lane,Opopop,518,25,0,1,0.00,0.00000000
Caden Lane,Carve Designs,517,60,10,1,10.00,19.34236000
Caden Lane,Beginning Boutique,484,,,0,0.00,
Caden Lane,Snuggle Me Organic,484,,,0,0.00,
Caden Lane,Dirty Labs,444,20,0,1,20.00,45.04505000
Caden Lane,jot,436,,,0,0.00,
Caden Lane,California Arts,425,,,0,0.00,
Caden Lane,Aura Bora,412,,,0,0.00,
Caden Lane,Anyday,385,33,33,1,33.00,85.71429000
Caden Lane,eyebobs,380,,,0,0.00,
Caden Lane,ettitude,368,,,0,0.00,
Caden Lane,Nampons LLC,361,,,0,0.00,
Caden Lane,StackedSkincare,350,,,0,0.00,
Caden Lane,August Uncommon Tea,349,,,0,0.00,
Caden Lane,Surely Wines,346,,,0,0.00,
Caden Lane,Molekule,345,,,0,0.00,
Caden Lane,Bad Birdie,335,50,5,1,5.00,14.92537000
Caden Lane,Manduka,333,,,0,0.00,
Caden Lane,Consciously Baby,324,,,0,0.00,
Caden Lane,Fuse Lenses,280,15,0,1,15.00,53.57143000
Caden Lane,SeaVees,276,,,0,0.00,
Caden Lane,Nood,275,60,0,1,60.00,218.18182000
Caden Lane,Winged Wellness,275,,,0,0.00,
Caden Lane,Create,265,,,0,0.00,
Caden Lane,AVEC,260,,,0,0.00,
Caden Lane,Billy Reid,257,,,0,0.00,
Caden Lane,12|12,229,,,0,0.00,
Caden Lane,Bala,228,,,0,0.00,
Caden Lane,cbdMD,226,20,5,1,5.00,22.12389000
Caden Lane,Blessed Be Magick,221,,,0,0.00,
Caden Lane,Billion Dollar Beauty,217,,,0,0.00,
Caden Lane,INTO THE AM,216,,,0,0.00,
Caden Lane,Bed Babe,214,,,0,0.00,
Caden Lane,Koio,211,,,0,0.00,
Caden Lane,OrnamentallyYou,207,,,0,0.00,
Caden Lane,Bask Suncare,203,,,0,0.00,
Caden Lane,Snowyskin,200,,,0,0.00,
Caden Lane,Binto,197,,,0,0.00,
Caden Lane,Bokksu Market,196,,,0,0.00,
Caden Lane,Bloomscape,196,,,0,0.00,
Caden Lane,Rains,195,,,0,0.00,
Caden Lane,Dakine,188,,,0,0.00,
Caden Lane,GhostBed,184,,,0,0.00,
Caden Lane,Vegamour,183,,,0,0.00,
Caden Lane,Projects Watches,182,,,0,0.00,
Caden Lane,Common Era Jewelry,177,,,0,0.00,
Caden Lane,Julep,175,,,0,0.00,
Caden Lane,Oradina,171,125,20,1,20.00,116.95906000
Caden Lane,Corpus Naturals,170,,,0,0.00,
Caden Lane,Glimmer Wish,166,18,10,1,10.00,60.24096000
Caden Lane,vitruvi,163,,,0,0.00,
Caden Lane,Glamnetic,161,30,10,1,10.00,62.11180000
Caden Lane,Jolie,158,,,0,0.00,
Caden Lane,Blueland,154,30,0,1,30.00,194.80519000
Caden Lane,BelliWelli,153,,,0,0.00,
Caden Lane,Jungmaven,151,,,0,0.00,
Caden Lane,Otteroo,146,4,2,1,3.75,25.68493000
Caden Lane,Wildfang,144,,,0,0.00,
Caden Lane,SureThik,141,,,0,0.00,
Caden Lane,Better & Better,137,,,0,0.00,
Caden Lane,Caraway,132,,,0,0.00,
Caden Lane,Resist Nutrition,131,,,0,0.00,
Caden Lane,Moon Pals,127,,,0,0.00,
Caden Lane,Primally Pure,125,,,0,0.00,
Caden Lane,EVER Skincare,119,,,0,0.00,
Caden Lane,Tushbaby,115,,,0,0.00,
Caden Lane,Clover by CLOVE + HALLOW,108,,,0,0.00,
Caden Lane,doublesoul,106,,,0,0.00,
Caden Lane,esmi Skin Minerals,99,,,0,0.00,
Caden Lane,Mad Rabbit,96,,,0,0.00,
Caden Lane,Trace Minerals,96,,,0,0.00,
Caden Lane,Captain Blankenship,92,,,0,0.00,
Caden Lane,Bushwick Kitchen,92,,,0,0.00,
Caden Lane,Haus of Brilliance,90,,,0,0.00,
Caden Lane,Curie,85,,,0,0.00,
Caden Lane,Body High Body Care,83,,,0,0.00,
Caden Lane,Maverick & Co.,82,,,0,0.00,
Caden Lane,SACHEU Beauty,82,,,0,0.00,
Caden Lane,Oat Mama,80,,,0,0.00,
Caden Lane,Dr Sari's Lunar Sync,80,,,0,0.00,
Caden Lane,ANATOMY®,79,,,0,0.00,
Caden Lane,Boie USA,78,,,0,0.00,
Caden Lane,Luca Faloni,78,,,0,0.00,
Caden Lane,Coffee Bros.,77,,,0,0.00,
Caden Lane,Dr. Motion,75,,,0,0.00,
Caden Lane,MAXPRO Fitness,72,,,0,0.00,
Caden Lane,iota,71,,,0,0.00,
Caden Lane,Kopari,71,,,0,0.00,
Caden Lane,Out of the Woods,70,,,0,0.00,
Caden Lane,Bliss,70,,,0,0.00,
Caden Lane,Le Monde Gourmand,68,,,0,0.00,
Caden Lane,Branch,66,,,0,0.00,
Caden Lane,Canopy,64,,,0,0.00,
Caden Lane,Evereden,60,,,0,0.00,
Caden Lane,NOTO Botanics,58,,,0,0.00,
Caden Lane,Compass Coffee,56,,,0,0.00,
Caden Lane,Brightech,56,,,0,0.00,
Caden Lane,Spice Tribe,52,,,0,0.00,
Caden Lane,Monica & Andy Inc.,51,,,0,0.00,
Caden Lane,The Plug Drink,51,,,0,0.00,
Caden Lane,Doré,51,,,0,0.00,
Caden Lane,Food Huggers,49,,,0,0.00,
Caden Lane,Joanna Vargas Skincare,48,,,0,0.00,
Caden Lane,sproos!,48,,,0,0.00,
Caden Lane,Dagne Dover,47,,,0,0.00,
Caden Lane,ZOA Energy,47,,,0,0.00,
Caden Lane,Haand Inc,47,,,0,0.00,
Caden Lane,NOMAD Grills,45,,,0,0.00,
Caden Lane,Dryft Sleep,45,,,0,0.00,
Caden Lane,Sonrei Skin,44,,,0,0.00,
Caden Lane,Evergreen,44,,,0,0.00,
Caden Lane,Hedley & Bennett,43,,,0,0.00,
Caden Lane,Muslin Comfort,43,,,0,0.00,
Caden Lane,CanDo,43,,,0,0.00,
Caden Lane,Dieux Skin,42,,,0,0.00,
Caden Lane,Cadence,40,,,0,0.00,
Caden Lane,Green Paper Products,40,,,0,0.00,
Caden Lane,Cardon,39,,,0,0.00,
Caden Lane,Saranoni Luxury Blankets,38,,,0,0.00,
Caden Lane,Matador Meggings,38,,,0,0.00,
Caden Lane,LINHART NYC,38,,,0,0.00,
Caden Lane,DEUX,37,,,0,0.00,
Caden Lane,Character Home,37,,,0,0.00,
Caden Lane,Sunfood Superfoods,36,,,0,0.00,
Caden Lane,RiotSociety.com,36,,,0,0.00,
Caden Lane,LIVELY,35,,,0,0.00,
Caden Lane,Clean Age,35,,,0,0.00,
Caden Lane,Red Racer Books,35,,,0,0.00,
Caden Lane,OOBE BRAND,35,,,0,0.00,
Caden Lane,Sunday Citizen,35,,,0,0.00,
Caden Lane,Bare Performance Nutrition,34,,,0,0.00,
Caden Lane,SolaWave,31,,,0,0.00,
Caden Lane,LightWater Skin,31,,,0,0.00,
Caden Lane,Kosas Cosmetics,31,,,0,0.00,
Caden Lane,Verdant Lyfe,31,,,0,0.00,
Caden Lane,Crown Affair,30,,,0,0.00,
Caden Lane,BAZZAAL INC,30,,,0,0.00,
Caden Lane,Divya's,30,,,0,0.00,
Caden Lane,Sprout Living,29,,,0,0.00,
Caden Lane,zing bars,28,,,0,0.00,
Caden Lane,ieró Beauty™,27,,,0,0.00,
Caden Lane,Needed,27,,,0,0.00,
Caden Lane,beam,27,,,0,0.00,
Caden Lane,Love in Faith,27,10,3,1,3.00,111.11111000
Caden Lane,Uncharted Coffee Supply,26,,,0,0.00,
Caden Lane,Alpha-H,26,,,0,0.00,
Caden Lane,Nutshell Coolers,26,,,0,0.00,
Caden Lane,Firebelly Tea,26,,,0,0.00,
Caden Lane,ELVY Lab,26,,,0,0.00,
Caden Lane,Pretzels.com,25,,,0,0.00,
Caden Lane,Bandier,25,,,0,0.00,
Caden Lane,Kate Quinn,24,,,0,0.00,
Caden Lane,True Made Foods,24,,,0,0.00,
Caden Lane,Baby Tula,24,,,0,0.00,
Caden Lane,epi.logic,24,,,0,0.00,
Caden Lane,Raw Botanics,23,,,0,0.00,
Caden Lane,Twillory,22,,,0,0.00,
Caden Lane,"Love, Plants",21,,,0,0.00,
Caden Lane,MantraBand,20,,,0,0.00,
Caden Lane,Siete Foods,20,,,0,0.00,
Caden Lane,Moonglow,20,,,0,0.00,
Caden Lane,Bear Balanced,20,,,0,0.00,
Caden Lane,CoverFX,20,,,0,0.00,
Caden Lane,Licorice,20,,,0,0.00,
Caden Lane,Salio,19,,,0,0.00,
Caden Lane,Distil Union,18,,,0,0.00,
Caden Lane,Baby Delight,18,,,0,0.00,
Caden Lane,Quitch,17,,,0,0.00,
Caden Lane,Shinesty,16,20,10,1,10.00,625.00000000
Caden Lane,INH Hair,15,,,0,0.00,
Caden Lane,Buffbunny Collection,15,12,4,1,4.00,266.66667000
Caden Lane,D.S. & Durga,14,,,0,0.00,
Caden Lane,Explorer Cold Brew,13,,,0,0.00,
Caden Lane,Black Wolf Nation,12,,,0,0.00,
Caden Lane,Spärkel Beverage Systems,12,,,0,0.00,
Caden Lane,Koot,12,,,0,0.00,
Caden Lane,Fable Home,12,,,0,0.00,
Caden Lane,Esker,11,,,0,0.00,
Caden Lane,Lollipetals,11,,,0,0.00,
Caden Lane,Ritual Zero Proof,10,,,0,0.00,
Caden Lane,neoNutritions,10,,,0,0.00,
Caden Lane,Tower 28 Beauty,9,,,0,0.00,
Caden Lane,Felix Gray,9,,,0,0.00,
Caden Lane,Mented Cosmetics,9,,,0,0.00,
Caden Lane,woolino,8,,,0,0.00,
Caden Lane,böhme,8,,,0,0.00,
Caden Lane,Fresh Peaches,8,,,0,0.00,
Caden Lane,Siblings,8,,,0,0.00,
Caden Lane,My Medic,8,,,0,0.00,
Caden Lane,Frog Hollow Farm,7,,,0,0.00,
Caden Lane,BOLDE,7,,,0,0.00,
Caden Lane,Bright Cellars,7,,,0,0.00,
Caden Lane,Botanical Bones,7,,,0,0.00,
Caden Lane,Sijo,7,,,0,0.00,
Caden Lane,Oars + Alps,7,,,0,0.00,
Caden Lane,Sonic Power,7,,,0,0.00,
Caden Lane,Girlfriend Collective,6,,,0,0.00,
Caden Lane,Thorlos,6,,,0,0.00,
Caden Lane,ezpz,6,,,0,0.00,
Caden Lane,Kosterina,6,,,0,0.00,
Caden Lane,NEIWAI,5,,,0,0.00,
Caden Lane,good light,5,,,0,0.00,
Caden Lane,Flying Embers,5,,,0,0.00,
Caden Lane,Las Jaras Wines,5,,,0,0.00,
Caden Lane,happy being,4,,,0,0.00,
Caden Lane,Petunia Pickle Bottom,4,,,0,0.00,
Caden Lane,Volcom,4,,,0,0.00,
Caden Lane,Hydrant,4,,,0,0.00,
Caden Lane,Juna,4,,,0,0.00,
Caden Lane,Storq,4,,,0,0.00,
Caden Lane,EGG New York,4,,,0,0.00,
Caden Lane,MORI,4,,,0,0.00,
Caden Lane,Native Pet,4,,,0,0.00,
Caden Lane,FullWell,4,,,0,0.00,
Caden Lane,Brook & York,4,,,0,0.00,
Caden Lane,Kortni Jeane,4,,,0,0.00,
Caden Lane,Golde,4,,,0,0.00,
Caden Lane,Kindra,3,,,0,0.00,
Caden Lane,Coco Moon,3,,,0,0.00,
Caden Lane,Outer Aisle,3,,,0,0.00,
Caden Lane,eeBoo,3,7,5,1,5.00,1666.66667000
Caden Lane,Dame,3,,,0,0.00,
Caden Lane,Foria,3,,,0,0.00,
Caden Lane,Calin,3,,,0,0.00,
Caden Lane,Gibsonlook,3,,,0,0.00,
Caden Lane,Vacation®,3,,,0,0.00,
Caden Lane,JOI,3,,,0,0.00,
Caden Lane,Winky Lux,3,,,0,0.00,
Caden Lane,Munk Pack,2,,,0,0.00,
Caden Lane,Just Date,2,,,0,0.00,
Caden Lane,Nala Care,2,,,0,0.00,
Caden Lane,Finn + Emma,2,,,0,0.00,
Caden Lane,Kijibae,2,,,0,0.00,
Caden Lane,Konny,2,,,0,0.00,
Caden Lane,JACK HENRY,2,,,0,0.00,
Caden Lane,Karma Nuts,2,,,0,0.00,
Caden Lane,Ellie & Becks,2,,,0,0.00,
Caden Lane,LuminAID,2,,,0,0.00,
Caden Lane,KA! Empathogenics,2,,,0,0.00,
Caden Lane,My Girl Wellness,2,,,0,0.00,
Caden Lane,Waterboy,2,,,0,0.00,
Caden Lane,Leeway Home,2,,,0,0.00,
Caden Lane,Caramels.com,2,,,0,0.00,
Caden Lane,Ponto Footwear,1,,,0,0.00,
Caden Lane,Carbon38,1,,,0,0.00,
Caden Lane,Cleverman,1,,,0,0.00,
Caden Lane,Revolution Cooking,1,,,0,0.00,
Caden Lane,Tinto Amorio,1,,,0,0.00,
Caden Lane,IVL Collective,1,,,0,0.00,
Caden Lane,Modern Fuel,1,,,0,0.00,
Caden Lane,Giften Market,1,,,0,0.00,
Caden Lane,INBLOOM,1,,,0,0.00,
Caden Lane,TUSOL Wellness,1,,,0,0.00,
Caden Lane,Giapenta,1,,,0,0.00,
Caden Lane,Seoul Ceuticals,1,,,0,0.00,
Caden Lane,Thousand Fell,1,,,0,0.00,
Caden Lane,SENREVE,1,,,0,0.00,
Caden Lane,Petaluma,1,,,0,0.00,
Caden Lane,Som Sleep,1,,,0,0.00,
Caden Lane,Clevr Blends,1,,,0,0.00,
Caden Lane,Seafolly Australia,1,,,0,0.00,
Caden Lane,Gooselings,1,,,0,0.00,
Caden Lane,Tini Lux,1,,,0,0.00,
Caden Lane,Year & Day,1,,,0,0.00,
Dr. Squatch,True Classic,98688,45,0,152,6255.00,63.38157000
Dr. Squatch,Liquid I.V.,68434,35,0,38,805.00,11.76316000
Dr. Squatch,Licorice,28649,25,0,16,325.00,11.34420000
Dr. Squatch,BlendJet,19424,10,5,2,20.00,1.02965000
Dr. Squatch,Branch,18237,,,0,0.00,
Dr. Squatch,Canopy,14894,15,0,1,15.00,1.00712000
Dr. Squatch,INTO THE AM,9436,20,10,5,70.00,7.41840000
Dr. Squatch,UNTUCKit,9332,,,0,0.00,
Dr. Squatch,biom,9260,30,15,1,30.00,3.23974000
Dr. Squatch,wildwonder,7418,,,0,0.00,
Dr. Squatch,Finn + Emma,7180,,,0,0.00,
Dr. Squatch,My Medic,6303,80,10,3,170.00,26.97128000
Dr. Squatch,Newton Baby,4264,3,0,1,3.00,0.70356000
Dr. Squatch,Twillory,4184,15,5,4,35.00,8.36520000
Dr. Squatch,Hedley & Bennett,4158,40,25,3,89.94,21.63059000
Dr. Squatch,Amberjack,3742,,,0,0.00,
Dr. Squatch,Volcom,2586,15,8,2,32.00,12.37432000
Dr. Squatch,Bad Birdie,2582,50,5,2,10.00,3.87297000
Dr. Squatch,Wolf & Shepherd,2296,50,15,1,50.00,21.77700000
Dr. Squatch,Billy Reid,2209,,,0,0.00,
Dr. Squatch,Nampons LLC,1979,,,0,0.00,
Dr. Squatch,Pretzels.com,1484,25,0,4,75.00,50.53908000
Dr. Squatch,Blueland,1372,,,0,0.00,
Dr. Squatch,Lalo,1238,,,0,0.00,
Dr. Squatch,Caraway,1237,70,40,3,180.00,145.51334000
Dr. Squatch,Opopop,1023,25,0,2,50.00,48.87586000
Dr. Squatch,Ancient Nutrition,873,,,0,0.00,
Dr. Squatch,BOLDE,853,,,0,0.00,
Dr. Squatch,Love Your Melon,837,30,19,1,19.00,22.70012000
Dr. Squatch,Snuggle Me Organic,771,20,10,2,40.00,51.88067000
Dr. Squatch,Airsign,725,,,0,0.00,
Dr. Squatch,Homesick Candles,648,24,15,3,53.61,82.73148000
Dr. Squatch,Tubby Todd Bath Co.,631,10,0,1,10.00,15.84786000
Dr. Squatch,RiotSociety.com,627,,,0,0.00,
Dr. Squatch,The Plug Drink,562,,,0,0.00,
Dr. Squatch,Food Huggers,534,,,0,0.00,
Dr. Squatch,Bokksu Market,526,,,0,0.00,
Dr. Squatch,Character Home,492,,,0,0.00,
Dr. Squatch,Why and Whale,475,,,0,0.00,
Dr. Squatch,Dreamland Baby,454,,,0,0.00,
Dr. Squatch,Waterboy,444,,,0,0.00,
Dr. Squatch,Birthdate Co.,282,50,10,1,50.00,177.30496000
Dr. Squatch,GRIP6,278,,,0,0.00,
Dr. Squatch,Tushbaby,274,18,5,1,18.00,65.69343000
Dr. Squatch,Dropps,266,,,0,0.00,
Dr. Squatch,Molekule,219,,,0,0.00,
Dr. Squatch,Siete Foods,190,20,8,1,20.00,105.26316000
Dr. Squatch,Create,189,35,15,1,15.00,79.36508000
Dr. Squatch,Ritual Zero Proof,185,35,10,1,10.00,54.05405000
Dr. Squatch,ettitude,180,,,0,0.00,
Dr. Squatch,jot,174,,,0,0.00,
Dr. Squatch,GhostBed,164,,,0,0.00,
Dr. Squatch,August Uncommon Tea,159,20,15,2,35.00,220.12579000
Dr. Squatch,Popadelics,132,,,0,0.00,
Dr. Squatch,Lalabu,106,,,0,0.00,
Dr. Squatch,Bala,99,,,0,0.00,
Dr. Squatch,Leeway Home,97,,,0,0.00,
Dr. Squatch,Distil Union,94,,,0,0.00,
Dr. Squatch,Nanit,93,,,0,0.00,
Dr. Squatch,Afloral,93,,,0,0.00,
Dr. Squatch,Luca Faloni,81,,,0,0.00,
Dr. Squatch,Monica & Andy Inc.,81,,,0,0.00,
Dr. Squatch,ZOA Energy,78,,,0,0.00,
Dr. Squatch,Airo Collective,73,,,0,0.00,
Dr. Squatch,Serenity Kids,71,,,0,0.00,
Dr. Squatch,Native Pet,69,25,15,1,15.00,217.39130000
Dr. Squatch,Siblings,68,,,0,0.00,
Dr. Squatch,120/Life,68,,,0,0.00,
Dr. Squatch,Anyday,65,,,0,0.00,
Dr. Squatch,Muslin Comfort,62,75,5,1,5.00,80.64516000
Dr. Squatch,MAXPRO Fitness,61,,,0,0.00,
Dr. Squatch,ByHeart,61,,,0,0.00,
Dr. Squatch,Altitude Functional Beverages,56,,,0,0.00,
Dr. Squatch,Myles,56,,,0,0.00,
Dr. Squatch,Munk Pack,54,35,12,1,12.00,222.22222000
Dr. Squatch,Rains,48,,,0,0.00,
Dr. Squatch,Koot,48,,,0,0.00,
Dr. Squatch,CanDo,45,,,0,0.00,
Dr. Squatch,Trace Minerals,44,20,10,1,10.00,227.27273000
Dr. Squatch,Maverick & Co.,44,,,0,0.00,
Dr. Squatch,California Arts,42,,,0,0.00,
Dr. Squatch,Willow Pumps,42,,,0,0.00,
Dr. Squatch,Modern Fuel,41,,,0,0.00,
Dr. Squatch,12|12,40,,,0,0.00,
Dr. Squatch,A Kids Co.,40,,,0,0.00,
Dr. Squatch,Moon Pals,40,,,0,0.00,
Dr. Squatch,Jolie,38,,,0,0.00,
Dr. Squatch,AVEC,38,,,0,0.00,
Dr. Squatch,Cadence,38,,,0,0.00,
Dr. Squatch,Solly Baby,37,,,0,0.00,
Dr. Squatch,OrnamentallyYou,37,,,0,0.00,
Dr. Squatch,Las Jaras Wines,36,,,0,0.00,
Dr. Squatch,Dirty Labs,35,,,0,0.00,
Dr. Squatch,Hydrant,34,,,0,0.00,
Dr. Squatch,Matador Meggings,34,,,0,0.00,
Dr. Squatch,The CrunchCup,33,,,0,0.00,
Dr. Squatch,Bodily,33,,,0,0.00,
Dr. Squatch,DEUX,33,,,0,0.00,
Dr. Squatch,Som Sleep,32,,,0,0.00,
Dr. Squatch,OOBE BRAND,31,,,0,0.00,
Dr. Squatch,Alkavida,30,,,0,0.00,
Dr. Squatch,Petunia Pickle Bottom,30,,,0,0.00,
Dr. Squatch,Baby Tula,28,10,5,1,5.00,178.57143000
Dr. Squatch,Gathre,28,,,0,0.00,
Dr. Squatch,Saranoni Luxury Blankets,26,,,0,0.00,
Dr. Squatch,Baby Delight,26,,,0,0.00,
Dr. Squatch,Aura Bora,24,,,0,0.00,
Dr. Squatch,Outer Aisle,24,,,0,0.00,
Dr. Squatch,Otteroo,24,,,0,0.00,
Dr. Squatch,LuminAID,23,,,0,0.00,
Dr. Squatch,KA! Empathogenics,23,,,0,0.00,
Dr. Squatch,BelliWelli,22,,,0,0.00,
Dr. Squatch,Bushwick Kitchen,22,,,0,0.00,
Dr. Squatch,happy being,21,,,0,0.00,
Dr. Squatch,INBLOOM,21,,,0,0.00,
Dr. Squatch,Bloomscape,19,,,0,0.00,
Dr. Squatch,Haand Inc,18,,,0,0.00,
Dr. Squatch,EGG New York,17,,,0,0.00,
Dr. Squatch,Fresh Peaches,17,,,0,0.00,
Dr. Squatch,Kosterina,16,,,0,0.00,
Dr. Squatch,Once Upon a Farm,16,,,0,0.00,
Dr. Squatch,ezpz,15,,,0,0.00,
Dr. Squatch,vitruvi,14,,,0,0.00,
Dr. Squatch,Raw Botanics,14,,,0,0.00,
Dr. Squatch,Dryft Sleep,14,,,0,0.00,
Dr. Squatch,Coterie,14,,,0,0.00,
Dr. Squatch,Oeuf,14,,,0,0.00,
Dr. Squatch,My Girl Wellness,14,,,0,0.00,
Dr. Squatch,JOI,13,,,0,0.00,
Dr. Squatch,Coco Moon,13,,,0,0.00,
Dr. Squatch,Baby K'tan,13,,,0,0.00,
Dr. Squatch,Winged Wellness,12,,,0,0.00,
Dr. Squatch,Coffee Bros.,12,,,0,0.00,
Dr. Squatch,Fable Home,12,,,0,0.00,
Dr. Squatch,Highline Wellness,12,,,0,0.00,
Dr. Squatch,Bed Babe,12,,,0,0.00,
Dr. Squatch,Cali's Books,11,,,0,0.00,
Dr. Squatch,Tinto Amorio,11,,,0,0.00,
Dr. Squatch,Yana Sleep,11,,,0,0.00,
Dr. Squatch,Ry & Pen,10,,,0,0.00,
Dr. Squatch,Frog Hollow Farm,10,,,0,0.00,
Dr. Squatch,Milton & Goose,10,,,0,0.00,
Dr. Squatch,sproos!,10,,,0,0.00,
Dr. Squatch,Firebelly Tea,10,,,0,0.00,
Dr. Squatch,Natemia,9,,,0,0.00,
Dr. Squatch,Green Paper Products,9,,,0,0.00,
Dr. Squatch,Flying Embers,9,,,0,0.00,
Dr. Squatch,NOMAD Grills,9,,,0,0.00,
Dr. Squatch,Ruggish Co.,9,,,0,0.00,
Dr. Squatch,Ellie & Becks,9,,,0,0.00,
Dr. Squatch,MORI,8,,,0,0.00,
Dr. Squatch,Brightech,8,,,0,0.00,
Dr. Squatch,Surely Wines,8,,,0,0.00,
Dr. Squatch,Sprout Living,8,,,0,0.00,
Dr. Squatch,Natalist Co.,8,,,0,0.00,
Dr. Squatch,Elegant Baby,8,,,0,0.00,
Dr. Squatch,Konny,8,,,0,0.00,
Dr. Squatch,Compass Coffee,7,,,0,0.00,
Dr. Squatch,eeBoo,7,,,0,0.00,
Dr. Squatch,Explorer Cold Brew,6,,,0,0.00,
Dr. Squatch,Revolution Cooking,6,,,0,0.00,
Dr. Squatch,woolino,6,,,0,0.00,
Dr. Squatch,SoaPen Inc,6,,,0,0.00,
Dr. Squatch,"Love, Plants",6,,,0,0.00,
Dr. Squatch,Consciously Baby,6,,,0,0.00,
Dr. Squatch,Out of the Woods,6,,,0,0.00,
Dr. Squatch,Tia Lupita,5,,,0,0.00,
Dr. Squatch,Resist Nutrition,5,,,0,0.00,
Dr. Squatch,Karma Nuts,5,,,0,0.00,
Dr. Squatch,Red Racer Books,5,,,0,0.00,
Dr. Squatch,Spärkel Beverage Systems,5,,,0,0.00,
Dr. Squatch,Sunfood Superfoods,5,,,0,0.00,
Dr. Squatch,Uncharted Coffee Supply,5,,,0,0.00,
Dr. Squatch,TUSOL Wellness,5,,,0,0.00,
Dr. Squatch,zing bars,4,,,0,0.00,
Dr. Squatch,Kijibae,4,,,0,0.00,
Dr. Squatch,Just Date,4,,,0,0.00,
Dr. Squatch,Petaluma,4,,,0,0.00,
Dr. Squatch,Divya's,4,,,0,0.00,
Dr. Squatch,Dr Sari's Lunar Sync,4,,,0,0.00,
Dr. Squatch,Gooselings,4,,,0,0.00,
Dr. Squatch,Verdant Lyfe,4,,,0,0.00,
Dr. Squatch,Evergreen,4,,,0,0.00,
Dr. Squatch,Moby Wrap,4,,,0,0.00,
Dr. Squatch,inklings baby,3,,,0,0.00,
Dr. Squatch,TriLASTIN,3,,,0,0.00,
Dr. Squatch,Spice Tribe,3,,,0,0.00,
Dr. Squatch,UPSAINT,3,,,0,0.00,
Dr. Squatch,Oat Mama,3,,,0,0.00,
Dr. Squatch,Glimmer Wish,3,,,0,0.00,
Dr. Squatch,True Made Foods,3,,,0,0.00,
Dr. Squatch,Year & Day,2,,,0,0.00,
Dr. Squatch,SortJoy,2,,,0,0.00,
Dr. Squatch,Paperclip,2,,,0,0.00,
Dr. Squatch,Nutshell Coolers,2,,,0,0.00,
Dr. Squatch,neoNutritions,2,,,0,0.00,
Dr. Squatch,Estella,1,,,0,0.00,
Dr. Squatch,Sonic Power,1,,,0,0.00,
Dr. Squatch,Safari Ltd,1,,,0,0.00,
Laura Geller,Sol de Janeiro,449865,20,10,253,2830.00,6.29078000
Laura Geller,Love in Faith,222190,10,3,341,1873.00,8.42972000
Laura Geller,Tula Skincare,158479,50,0,22,900.00,5.67899000
Laura Geller,Dr. Squatch,134281,25,1,52,412.00,3.06819000
Laura Geller,Caden Lane,124617,29,18,62,1532.00,12.29367000
Laura Geller,MANSCAPED,79236,0,0,3,0.03,0.00038000
Laura Geller,True Classic,68887,45,0,17,450.00,6.53244000
Laura Geller,UNTUCKit,24266,40,20,6,160.00,6.59359000
Laura Geller,Corpus Naturals,23558,25,10,2,35.00,1.48569000
Laura Geller,Vegamour,22836,50,0,11,300.00,13.13715000
Laura Geller,biom,22434,30,15,1,30.00,1.33726000
Laura Geller,BlendJet,20757,10,5,5,45.00,2.16794000
Laura Geller,LIVELY,20040,35,20,4,95.00,4.74052000
Laura Geller,Viori Beauty,19713,15,8,36,393.00,19.93608000
Laura Geller,SPONGELLE,18987,20,15,16,250.00,13.16690000
Laura Geller,Beyond Polish,17906,8,0,4,32.00,1.78711000
Laura Geller,Finn + Emma,16405,,,0,0.00,
Laura Geller,Dollar Shave Club,16267,30,5,21,165.00,10.14323000
Laura Geller,Dagne Dover,15015,30,20,4,100.00,6.66001000
Laura Geller,Ancient Nutrition,11810,25,5,9,45.00,3.81033000
Laura Geller,Kindra,10673,30,5,3,15.00,1.40542000
Laura Geller,NOT!CE Hair Co,9901,,,0,0.00,
Laura Geller,Mario Badescu Skin Care,8614,12,0,3,0.00,0.00000000
Laura Geller,Kopari,8405,35,30,21,670.00,79.71446000
Laura Geller,Glamnetic,7976,30,10,11,200.00,25.07523000
Laura Geller,Caraway,7952,70,40,5,260.00,32.69618000
Laura Geller,SolaWave,7855,50,10,5,170.00,21.64227000
Laura Geller,Ursa Major,7592,30,10,19,209.64,27.61328000
Laura Geller,Newton Baby,7239,,,0,0.00,
Laura Geller,Cadence,6396,35,15,5,95.00,14.85303000
Laura Geller,Carve Designs,5345,56,10,5,100.00,18.70907000
Laura Geller,Bandier,5007,,,0,0.00,
Laura Geller,Blueland,4715,30,0,3,60.00,12.72534000
Laura Geller,Nampons LLC,4582,,,0,0.00,
Laura Geller,Beekman 1802,4117,35,10,27,340.00,82.58441000
Laura Geller,Projects Watches,3815,,,0,0.00,
Laura Geller,ILIA,3694,20,20,5,100.00,27.07093000
Laura Geller,StackedSkincare,3533,30,15,1,30.00,8.49137000
Laura Geller,Blessed Be Magick,3375,,,0,0.00,
Laura Geller,Gibsonlook,3192,38,18,10,220.00,68.92231000
Laura Geller,Love Your Melon,3148,30,19,3,57.00,18.10673000
Laura Geller,INH Hair,2907,,,0,0.00,
Laura Geller,Tubby Todd Bath Co.,2895,10,0,6,50.00,17.27116000
Laura Geller,Hedley & Bennett,2832,40,25,2,64.97,22.94138000
Laura Geller,Pretzels.com,2590,25,0,2,25.00,9.65251000
Laura Geller,Posh Peanut,2521,20,0,1,20.00,7.93336000
Laura Geller,Dieux Skin,2510,2,1,1,1.00,0.39841000
Laura Geller,True Botanicals,2243,15,5,10,80.00,35.66652000
Laura Geller,Dropps,2030,25,5,5,25.00,12.31527000
Laura Geller,Curie,1932,10,5,5,40.00,20.70393000
Laura Geller,For Days,1655,30,15,13,270.00,163.14199000
Laura Geller,Little Words Project,1466,15,10,3,40.00,27.28513000
Laura Geller,QALO,1330,,,0,0.00,
Laura Geller,Wildfang,1330,,,0,0.00,
Laura Geller,Snuggle Me Organic,1307,20,10,5,90.00,68.85998000
Laura Geller,SureThik,1281,,,0,0.00,
Laura Geller,Lollipetals,1247,,,0,0.00,
Laura Geller,Afloral,1244,30,20,1,20.00,16.07717000
Laura Geller,Muslin Comfort,1242,75,5,6,30.00,24.15459000
Laura Geller,OrnamentallyYou,1163,,,0,0.00,
Laura Geller,Canopy,1161,,,0,0.00,
Laura Geller,Wolf & Shepherd,1158,50,15,1,65.00,56.13126000
Laura Geller,Jungmaven,1134,,,0,0.00,
Laura Geller,Birthdate Co.,1107,50,10,2,20.00,18.06685000
Laura Geller,MantraBand,947,35,10,6,70.00,73.91763000
Laura Geller,Coromega,947,,,0,0.00,
Laura Geller,Opopop,921,25,0,1,0.00,0.00000000
Laura Geller,Foria,823,20,16,3,76.00,92.34508000
Laura Geller,Boie USA,812,8,5,1,8.00,9.85222000
Laura Geller,Thorlos,790,15,5,1,5.00,6.32911000
Laura Geller,Anyday,689,,,0,0.00,
Laura Geller,Bad Birdie,647,50,5,1,5.00,7.72798000
Laura Geller,Volcom,613,,,0,0.00,
Laura Geller,Homesick Candles,579,24,15,2,29.74,51.36442000
Laura Geller,Tushbaby,551,18,5,1,5.00,9.07441000
Laura Geller,SeaVees,542,,,0,0.00,
Laura Geller,M.M.LaFleur,527,150,50,6,300.00,569.25996000
Laura Geller,Electric Picks Jewelry,523,30,15,3,75.00,143.40344000
Laura Geller,eyebobs,492,,,0,0.00,
Laura Geller,Buffbunny Collection,474,12,4,12,48.00,101.26582000
Laura Geller,Monica & Andy Inc.,435,45,10,3,30.00,68.96552000
Laura Geller,Liquid I.V.,420,35,0,1,35.00,83.33333000
Laura Geller,Softies,398,,,0,0.00,
Laura Geller,Manduka,388,32,19,1,19.00,48.96907000
Laura Geller,Le Mini Macaron,384,25,20,2,40.00,104.16667000
Laura Geller,Morphe,370,45,25,1,25.00,67.56757000
Laura Geller,Saranoni Luxury Blankets,370,15,10,5,65.00,175.67568000
Laura Geller,Moonglow,354,20,15,2,55.00,155.36723000
Laura Geller,Oradina,350,125,20,2,40.00,114.28571000
Laura Geller,August Uncommon Tea,340,20,15,2,30.00,88.23529000
Laura Geller,Dame,335,35,35,1,35.00,104.47761000
Laura Geller,Nood,325,60,0,1,0.00,0.00000000
Laura Geller,GhostBed,321,,,0,0.00,
Laura Geller,Lalo,279,,,0,0.00,
Laura Geller,Beginning Boutique,260,30,10,1,10.00,38.46154000
Laura Geller,doublesoul,259,,,0,0.00,
Laura Geller,Spyder,249,,,0,0.00,
Laura Geller,Vacation®,237,,,0,0.00,
Laura Geller,AAVRANI,219,,,0,0.00,
Laura Geller,Bask Suncare,217,,,0,0.00,
Laura Geller,Bala,213,,,0,0.00,
Laura Geller,Willow Pumps,213,40,0,1,0.00,0.00000000
Laura Geller,Siblings,203,18,10,2,28.00,137.93103000
Laura Geller,Solly Baby,195,,,0,0.00,
Laura Geller,Wondery,193,22,18,1,18.00,93.26425000
Laura Geller,The HoneyPot,191,,,0,0.00,
Laura Geller,HATCH,189,,,0,0.00,
Laura Geller,Sijo,185,,,0,0.00,
Laura Geller,Tini Lux,182,,,0,0.00,
Laura Geller,Amberjack,180,,,0,0.00,
Laura Geller,Nanit,177,,,0,0.00,
Laura Geller,Winged Wellness,174,25,15,1,15.00,86.20690000
Laura Geller,Airsign,171,,,0,0.00,
Laura Geller,Evereden,165,,,0,0.00,
Laura Geller,Dirty Labs,164,,,0,0.00,
Laura Geller,Crown Affair,161,18,13,1,12.72,79.00621000
Laura Geller,Dakine,155,,,0,0.00,
Laura Geller,12|12,154,,,0,0.00,
Laura Geller,ettitude,150,75,55,1,55.00,366.66667000
Laura Geller,Kate Quinn,149,,,0,0.00,
Laura Geller,Bloomscape,142,,,0,0.00,
Laura Geller,A Kids Co.,141,,,0,0.00,
Laura Geller,D.S. & Durga,137,40,40,1,40.00,291.97080000
Laura Geller,My Medic,134,80,10,1,10.00,74.62687000
Laura Geller,Aura Bora,133,,,0,0.00,
Laura Geller,iota,132,18,10,2,20.00,151.51515000
Laura Geller,Alpyn Beauty,130,40,20,1,40.00,307.69231000
Laura Geller,Lalabu,126,,,0,0.00,
Laura Geller,Twillory,125,,,0,0.00,
Laura Geller,vitruvi,122,,,0,0.00,
Laura Geller,Dr. Motion,121,9,2,2,3.00,24.79339000
Laura Geller,Airo Collective,112,,,0,0.00,
Laura Geller,Bodily,110,,,0,0.00,
Laura Geller,Licorice,108,,,0,0.00,
Laura Geller,Kosterina,106,50,5,2,10.00,94.33962000
Laura Geller,Sunday Citizen,104,70,50,1,50.00,480.76923000
Laura Geller,Petunia Pickle Bottom,103,,,0,0.00,
Laura Geller,Native Pet,102,,,0,0.00,
Laura Geller,Billy Reid,98,,,0,0.00,
Laura Geller,Le Monde Gourmand,96,,,0,0.00,
Laura Geller,Baby Tula,96,,,0,0.00,
Laura Geller,ByHeart,95,,,0,0.00,
Laura Geller,Alkavida,88,,,0,0.00,
Laura Geller,INTO THE AM,86,,,0,0.00,
Laura Geller,Waterboy,85,,,0,0.00,
Laura Geller,Molekule,85,,,0,0.00,
Laura Geller,Juna,85,45,15,1,15.00,176.47059000
Laura Geller,Gathre,84,,,0,0.00,
Laura Geller,Fuse Lenses,82,,,0,0.00,
Laura Geller,Dreamland Baby,81,,,0,0.00,
Laura Geller,Snowyskin,81,,,0,0.00,
Laura Geller,Leeway Home,76,,,0,0.00,
Laura Geller,Better & Better,68,,,0,0.00,
Laura Geller,Trace Minerals,68,20,10,1,10.00,147.05882000
Laura Geller,Cali's Books,68,,,0,0.00,
Laura Geller,Coco Moon,67,,,0,0.00,
Laura Geller,Moon Pals,67,,,0,0.00,
Laura Geller,Create,65,,,0,0.00,
Laura Geller,Character Home,65,,,0,0.00,
Laura Geller,Kortni Jeane,61,,,0,0.00,
Laura Geller,Seafolly Australia,58,,,0,0.00,
Laura Geller,Shinesty,57,20,10,1,10.00,175.43860000
Laura Geller,jane iredale,56,20,5,1,5.00,89.28571000
Laura Geller,Koio,56,,,0,0.00,
Laura Geller,Fable Home,55,,,0,0.00,
Laura Geller,woolino,54,,,0,0.00,
Laura Geller,RiotSociety.com,52,,,0,0.00,
Laura Geller,Modern Picnic,51,,,0,0.00,
Laura Geller,Otteroo,50,,,0,0.00,
Laura Geller,Haand Inc,49,,,0,0.00,
Laura Geller,My Girl Wellness,49,,,0,0.00,
Laura Geller,BuddyLove,48,30,15,1,15.00,312.50000000
Laura Geller,Green Paper Products,47,,,0,0.00,
Laura Geller,SENREVE,46,,,0,0.00,
Laura Geller,Baby K'tan,45,,,0,0.00,
Laura Geller,Esker,42,,,0,0.00,
Laura Geller,ezpz,42,,,0,0.00,
Laura Geller,JACK HENRY,40,,,0,0.00,
Laura Geller,Seoul Ceuticals,39,,,0,0.00,
Laura Geller,Rains,37,,,0,0.00,
Laura Geller,good light,37,,,0,0.00,
Laura Geller,Cardon,36,,,0,0.00,
Laura Geller,Common Era Jewelry,36,,,0,0.00,
Laura Geller,"Dermaclara, LLC",35,,,0,0.00,
Laura Geller,MORI,33,,,0,0.00,
Laura Geller,TriLASTIN,33,,,0,0.00,
Laura Geller,Jolie,32,,,0,0.00,
Laura Geller,Elegant Baby,32,,,0,0.00,
Laura Geller,Doré,30,,,0,0.00,
Laura Geller,Fresh Peaches,30,,,0,0.00,
Laura Geller,Felix Gray,29,,,0,0.00,
Laura Geller,IVL Collective,29,,,0,0.00,
Laura Geller,Golde,28,,,0,0.00,
Laura Geller,Hello Cake,28,,,0,0.00,
Laura Geller,Yana Sleep,27,,,0,0.00,
Laura Geller,The CrunchCup,27,,,0,0.00,
Laura Geller,Elevated Faith,26,,,0,0.00,
Laura Geller,Nala Care,24,,,0,0.00,
Laura Geller,Captain Blankenship,24,,,0,0.00,
Laura Geller,Once Upon a Farm,24,,,0,0.00,
Laura Geller,Oars + Alps,24,,,0,0.00,
Laura Geller,Distil Union,23,,,0,0.00,
Laura Geller,Food Huggers,22,,,0,0.00,
Laura Geller,MAXPRO Fitness,22,,,0,0.00,
Laura Geller,Consciously Baby,22,,,0,0.00,
Laura Geller,Thousand Fell,21,,,0,0.00,
Laura Geller,Year & Day,21,,,0,0.00,
Laura Geller,Calin,20,,,0,0.00,
Laura Geller,Joanna Vargas Skincare,19,,,0,0.00,
Laura Geller,EVER Skincare,19,25,0,1,0.00,0.00000000
Laura Geller,Lunya,19,,,0,0.00,
Laura Geller,Storq,19,,,0,0.00,
Laura Geller,Verdant Lyfe,18,,,0,0.00,
Laura Geller,Wren + Glory,18,,,0,0.00,
Laura Geller,Body High Body Care,18,,,0,0.00,
Laura Geller,California Arts,18,,,0,0.00,
Laura Geller,Coterie,18,,,0,0.00,
Laura Geller,EGG New York,17,,,0,0.00,
Laura Geller,Tower 28 Beauty,17,,,0,0.00,
Laura Geller,Raw Botanics,16,40,5,1,5.00,312.50000000
Laura Geller,Clean Age,16,,,0,0.00,
Laura Geller,cbdMD,14,,,0,0.00,
Laura Geller,Outer Aisle,14,,,0,0.00,
Laura Geller,NEIWAI,14,,,0,0.00,
Laura Geller,Inamorata,14,,,0,0.00,
Laura Geller,Girlfriend Collective,14,,,0,0.00,
Laura Geller,Ritual Zero Proof,13,,,0,0.00,
Laura Geller,Kosas Cosmetics,13,,,0,0.00,
Laura Geller,FullWell,13,,,0,0.00,
Laura Geller,LuminAID,12,40,10,1,10.00,833.33333000
Laura Geller,Why and Whale,12,,,0,0.00,
Laura Geller,Out of the Woods,12,,,0,0.00,
Laura Geller,Luca Faloni,11,,,0,0.00,
Laura Geller,FRANC,11,,,0,0.00,
Laura Geller,Zonarch,11,,,0,0.00,
Laura Geller,Dryft Sleep,11,,,0,0.00,
Laura Geller,Winky Lux,11,,,0,0.00,
Laura Geller,Dr Sari's Lunar Sync,11,,,0,0.00,
Laura Geller,epi.logic,10,,,0,0.00,
Laura Geller,120/Life,10,,,0,0.00,
Laura Geller,Natalist Co.,10,,,0,0.00,
Laura Geller,LightWater Skin,10,,,0,0.00,
Laura Geller,Serenity Kids,10,,,0,0.00,
Laura Geller,Safari Ltd,9,,,0,0.00,
Laura Geller,ELVY Lab,9,,,0,0.00,
Laura Geller,Ponto Footwear,9,,,0,0.00,
Laura Geller,Konny,9,,,0,0.00,
Laura Geller,BelliWelli,8,,,0,0.00,
Laura Geller,Modern Fuel,8,,,0,0.00,
Laura Geller,LINHART NYC,8,,,0,0.00,
Laura Geller,Ry & Pen,7,,,0,0.00,
Laura Geller,Petaluma,7,,,0,0.00,
Laura Geller,Siete Foods,7,,,0,0.00,
Laura Geller,Myles,7,,,0,0.00,
Laura Geller,Gooselings,7,,,0,0.00,
Laura Geller,Maverick & Co.,7,,,0,0.00,
Laura Geller,Spice Tribe,7,,,0,0.00,
Laura Geller,Haus of Brilliance,6,,,0,0.00,
Laura Geller,esmi Skin Minerals,6,,,0,0.00,
Laura Geller,Ami Colé,5,,,0,0.00,
Laura Geller,SortJoy,5,,,0,0.00,
Laura Geller,Branch,5,,,0,0.00,
Laura Geller,Kijibae,5,,,0,0.00,
Laura Geller,Matador Meggings,5,,,0,0.00,
Laura Geller,Evergreen,5,,,0,0.00,
Laura Geller,Zensah,5,,,0,0.00,
Laura Geller,"Love, Plants",5,,,0,0.00,
Laura Geller,Billion Dollar Beauty,4,,,0,0.00,
Laura Geller,Mented Cosmetics,4,,,0,0.00,
Laura Geller,Spärkel Beverage Systems,4,,,0,0.00,
Laura Geller,Sonrei Skin,4,,,0,0.00,
Laura Geller,Altitude Functional Beverages,4,,,0,0.00,
Laura Geller,DEUX,4,,,0,0.00,
Laura Geller,Ruggish Co.,4,,,0,0.00,
Laura Geller,Surely Wines,4,,,0,0.00,
Laura Geller,Nuudii System,4,,,0,0.00,
Laura Geller,sproos!,3,,,0,0.00,
Laura Geller,ANATOMY®,3,,,0,0.00,
Laura Geller,INBLOOM,3,,,0,0.00,
Laura Geller,Primally Pure,3,,,0,0.00,
Laura Geller,OOBE BRAND,3,,,0,0.00,
Laura Geller,Glimmer Wish,3,,,0,0.00,
Laura Geller,Seamless Lingerie,3,,,0,0.00,
Laura Geller,Munk Pack,3,,,0,0.00,
Laura Geller,Kinflyte,3,,,0,0.00,
Laura Geller,Binto,2,,,0,0.00,
Laura Geller,Coffee Bros.,2,,,0,0.00,
Laura Geller,Moby Wrap,2,,,0,0.00,
Laura Geller,ZOA Energy,2,,,0,0.00,
Laura Geller,inklings baby,2,,,0,0.00,
Laura Geller,Just Date,2,,,0,0.00,
Laura Geller,JOI,2,,,0,0.00,
Laura Geller,Frog Hollow Farm,1,,,0,0.00,
Laura Geller,happy being,1,,,0,0.00,
Laura Geller,NOMAD Grills,1,,,0,0.00,
Laura Geller,Som Sleep,1,,,0,0.00,
Laura Geller,Ellie & Becks,1,,,0,0.00,
Laura Geller,Quitch,1,,,0,0.00,
Laura Geller,Baby Delight,1,,,0,0.00,
Laura Geller,NOTO Botanics,1,,,0,0.00,
Laura Geller,Explorer Cold Brew,1,,,0,0.00,
Laura Geller,The Plug Drink,1,,,0,0.00,
Laura Geller,Clover by CLOVE + HALLOW,1,,,0,0.00,
Laura Geller,Sprout Living,1,,,0,0.00,
Laura Geller,Covey Skincare,1,,,0,0.00,
Laura Geller,eeBoo,1,,,0,0.00,
Laura Geller,SoaPen Inc,1,,,0,0.00,
Love in Faith,Laura Geller,238261,15,0,366,4095.00,17.18703000
Love in Faith,BlendJet,149560,10,5,816,6465.00,43.22680000
Love in Faith,Sol de Janeiro,92106,20,10,70,660.00,7.16566000
Love in Faith,Dr. Squatch,79716,25,1,42,307.00,3.85117000
Love in Faith,Caden Lane,69239,27,16,28,674.00,9.73440000
Love in Faith,Liquid I.V.,48966,35,0,14,280.00,5.71825000
Love in Faith,Yana Sleep,36171,,,0,0.00,
Love in Faith,Moonglow,35179,20,15,1,20.00,0.56852000
Love in Faith,Nodpod,26140,,,0,0.00,
Love in Faith,Ancient Nutrition,25191,25,4,9,145.00,5.75602000
Love in Faith,Shinesty,20644,20,10,2,40.00,1.93761000
Love in Faith,120/Life,20523,,,0,0.00,
Love in Faith,True Classic,20372,45,0,6,90.00,4.41783000
Love in Faith,12|12,18651,,,0,0.00,
Love in Faith,Dollar Shave Club,18008,30,5,20,275.00,15.27099000
Love in Faith,AAVRANI,16598,,,0,0.00,
Love in Faith,MANSCAPED,15613,,,0,0.00,
Love in Faith,Morphe,14516,45,25,6,190.00,13.08901000
Love in Faith,Viori Beauty,10587,15,8,12,138.00,13.03485000
Love in Faith,Tula Skincare,10273,,,0,0.00,
Love in Faith,Afloral,10015,30,20,1,30.00,2.99551000
Love in Faith,My Medic,9076,80,10,1,80.00,8.81446000
Love in Faith,Airo Collective,8560,,,0,0.00,
Love in Faith,Frog Hollow Farm,8394,,,0,0.00,
Love in Faith,SPONGELLE,8210,20,15,4,70.00,8.52619000
Love in Faith,Glamnetic,8023,30,10,5,110.00,13.71058000
Love in Faith,Vegamour,7829,50,3,2,55.00,7.02516000
Love in Faith,Airsign,6859,,,0,0.00,
Love in Faith,UNTUCKit,6690,40,20,3,100.00,14.94768000
Love in Faith,Licorice,6533,25,0,3,25.00,3.82673000
Love in Faith,Monica & Andy Inc.,6416,,,0,0.00,
Love in Faith,A Kids Co.,5870,,,0,0.00,
Love in Faith,Kopari,5628,35,30,1,30.00,5.33049000
Love in Faith,Wondery,5609,,,0,0.00,
Love in Faith,Alkavida,5451,,,0,0.00,
Love in Faith,LIVELY,5206,35,20,1,35.00,6.72301000
Love in Faith,Beekman 1802,5181,35,10,5,60.00,11.58078000
Love in Faith,Primally Pure,4771,10,0,1,10.00,2.09600000
Love in Faith,Alpyn Beauty,4710,,,0,0.00,
Love in Faith,Petaluma,4441,,,0,0.00,
Love in Faith,Blueland,4431,30,0,2,30.00,6.77048000
Love in Faith,Molekule,4345,,,0,0.00,
Love in Faith,Julep,4196,10,0,3,30.00,7.14967000
Love in Faith,Kosas Cosmetics,4190,,,0,0.00,
Love in Faith,Altitude Functional Beverages,4102,,,0,0.00,
Love in Faith,Amberjack,4097,,,0,0.00,
Love in Faith,Posh Peanut,3895,20,0,1,20.00,5.13479000
Love in Faith,Twillory,3709,,,0,0.00,
Love in Faith,Tubby Todd Bath Co.,3559,10,0,6,20.00,5.61956000
Love in Faith,Ami Colé,3554,,,0,0.00,
Love in Faith,Pretzels.com,3442,25,0,1,25.00,7.26322000
Love in Faith,Curie,3313,10,5,1,10.00,3.01841000
Love in Faith,Beyond Polish,3163,8,0,1,8.00,2.52924000
Love in Faith,Anyday,3112,,,0,0.00,
Love in Faith,August Uncommon Tea,3047,,,0,0.00,
Love in Faith,Caraway,2766,,,0,0.00,
Love in Faith,Kate Quinn,2729,30,0,1,30.00,10.99304000
Love in Faith,Snuggle Me Organic,2544,,,0,0.00,
Love in Faith,OrnamentallyYou,2441,,,0,0.00,
Love in Faith,Aura Bora,2430,30,10,1,30.00,12.34568000
Love in Faith,Baby Tula,2383,,,0,0.00,
Love in Faith,AVEC,2334,,,0,0.00,
Love in Faith,Baby Delight,2331,,,0,0.00,
Love in Faith,Bad Birdie,2170,50,5,1,5.00,2.30415000
Love in Faith,Mario Badescu Skin Care,2125,,,0,0.00,
Love in Faith,Branch,2011,,,0,0.00,
Love in Faith,Little Words Project,2000,15,10,3,35.00,17.50000000
Love in Faith,Dropps,1899,,,0,0.00,
Love in Faith,jane iredale,1858,20,5,1,5.00,2.69107000
Love in Faith,Tushbaby,1857,18,5,1,18.00,9.69305000
Love in Faith,The HoneyPot,1818,,,0,0.00,
Love in Faith,Baby K'tan,1680,,,0,0.00,
Love in Faith,Bala,1653,,,0,0.00,
Love in Faith,Bask Suncare,1628,,,0,0.00,
Love in Faith,Mented Cosmetics,1620,,,0,0.00,
Love in Faith,Boie USA,1611,,,0,0.00,
Love in Faith,Petunia Pickle Bottom,1482,,,0,0.00,
Love in Faith,BelliWelli,1465,,,0,0.00,
Love in Faith,Buffbunny Collection,1457,,,0,0.00,
Love in Faith,Siete Foods,1453,,,0,0.00,
Love in Faith,Newton Baby,1422,,,0,0.00,
Love in Faith,Kindra,1391,,,0,0.00,
Love in Faith,Le Mini Macaron,1391,,,0,0.00,
Love in Faith,Dirty Labs,1381,20,0,1,20.00,14.48226000
Love in Faith,"Dermaclara, LLC",1351,,,0,0.00,
Love in Faith,cbdMD,1288,20,5,1,20.00,15.52795000
Love in Faith,Birthdate Co.,1243,,,0,0.00,
Love in Faith,Bed Babe,1226,,,0,0.00,
Love in Faith,Corpus Naturals,1217,,,0,0.00,
Love in Faith,Bloomscape,1209,,,0,0.00,
Love in Faith,Tini Lux,1207,,,0,0.00,
Love in Faith,Muslin Comfort,1189,75,5,1,5.00,4.20521000
Love in Faith,Outer Aisle,1131,,,0,0.00,
Love in Faith,Better & Better,1117,,,0,0.00,
Love in Faith,GhostBed,1112,,,0,0.00,
Love in Faith,Billion Dollar Beauty,1024,,,0,0.00,
Love in Faith,jot,989,,,0,0.00,
Love in Faith,Bokksu Market,973,,,0,0.00,
Love in Faith,Volcom,968,,,0,0.00,
Love in Faith,ILIA,966,20,20,1,20.00,20.70393000
Love in Faith,Mad Rabbit,894,,,0,0.00,
Love in Faith,Billy Reid,892,,,0,0.00,
Love in Faith,Resist Nutrition,836,,,0,0.00,
Love in Faith,Willow Pumps,830,,,0,0.00,
Love in Faith,wildwonder,830,,,0,0.00,
Love in Faith,ANATOMY®,824,,,0,0.00,
Love in Faith,biom,813,,,0,0.00,
Love in Faith,Dakine,803,,,0,0.00,
Love in Faith,doublesoul,791,50,30,2,60.00,75.85335000
Love in Faith,Dagne Dover,787,,,0,0.00,
Love in Faith,ByHeart,752,,,0,0.00,
Love in Faith,Munk Pack,752,,,0,0.00,
Love in Faith,Thorlos,733,15,5,1,5.00,6.82128000
Love in Faith,Ursa Major,711,30,10,1,9.98,14.03657000
Love in Faith,Bodily,691,,,0,0.00,
Love in Faith,Fable Home,688,,,0,0.00,
Love in Faith,Cadence,684,,,0,0.00,
Love in Faith,MantraBand,682,35,10,2,20.00,29.32551000
Love in Faith,Sunday Citizen,627,,,0,0.00,
Love in Faith,Binto,621,,,0,0.00,
Love in Faith,Bliss,616,,,0,0.00,
Love in Faith,Cali's Books,612,,,0,0.00,
Love in Faith,Body High Body Care,610,,,0,0.00,
Love in Faith,Brightech,601,,,0,0.00,
Love in Faith,Carve Designs,595,,,0,0.00,
Love in Faith,Wildfang,569,,,0,0.00,
Love in Faith,Canopy,554,,,0,0.00,
Love in Faith,Opopop,550,,,0,0.00,
Love in Faith,Nood,546,,,0,0.00,
Love in Faith,Saranoni Luxury Blankets,538,,,0,0.00,
Love in Faith,Coco Moon,537,25,10,1,25.00,46.55493000
Love in Faith,Dr. Motion,527,,,0,0.00,
Love in Faith,Bushwick Kitchen,519,,,0,0.00,
Love in Faith,Hedley & Bennett,515,,,0,0.00,
Love in Faith,Wolf & Shepherd,506,,,0,0.00,
Love in Faith,Lalabu,502,,,0,0.00,
Love in Faith,CanDo,493,,,0,0.00,
Love in Faith,Lalo,488,,,0,0.00,
Love in Faith,Tower 28 Beauty,486,,,0,0.00,
Love in Faith,eeBoo,476,,,0,0.00,
Love in Faith,California Arts,475,,,0,0.00,
Love in Faith,Dieux Skin,473,2,1,1,2.00,4.22833000
Love in Faith,Avocado Green Mattress,467,,,0,0.00,
Love in Faith,For Days,460,30,15,1,15.00,32.60870000
Love in Faith,Fuse Lenses,455,,,0,0.00,
Love in Faith,Cardon,448,,,0,0.00,
Love in Faith,Gibsonlook,447,,,0,0.00,
Love in Faith,Calin,436,,,0,0.00,
Love in Faith,The CrunchCup,414,,,0,0.00,
Love in Faith,Create,411,,,0,0.00,
Love in Faith,INH Hair,406,,,0,0.00,
Love in Faith,Captain Blankenship,399,,,0,0.00,
Love in Faith,Moby Wrap,396,,,0,0.00,
Love in Faith,Homesick Candles,394,,,0,0.00,
Love in Faith,Winky Lux,387,,,0,0.00,
Love in Faith,Golde,382,,,0,0.00,
Love in Faith,Divya's,380,,,0,0.00,
Love in Faith,DEUX,374,,,0,0.00,
Love in Faith,Common Era Jewelry,366,,,0,0.00,
Love in Faith,True Botanicals,366,,,0,0.00,
Love in Faith,Girlfriend Collective,365,,,0,0.00,
Love in Faith,Solly Baby,362,,,0,0.00,
Love in Faith,Ritual Zero Proof,361,,,0,0.00,
Love in Faith,Electric Picks Jewelry,352,30,15,1,30.00,85.22727000
Love in Faith,Clover by CLOVE + HALLOW,346,,,0,0.00,
Love in Faith,Character Home,338,,,0,0.00,
Love in Faith,ezpz,336,,,0,0.00,
Love in Faith,Coterie,325,,,0,0.00,
Love in Faith,Kortni Jeane,318,,,0,0.00,
Love in Faith,Crown Affair,317,,,0,0.00,
Love in Faith,Serenity Kids,317,,,0,0.00,
Love in Faith,Clean Age,308,,,0,0.00,
Love in Faith,Bare Performance Nutrition,304,,,0,0.00,
Love in Faith,Maverick & Co.,302,,,0,0.00,
Love in Faith,Kinflyte,297,,,0,0.00,
Love in Faith,Snowyskin,296,,,0,0.00,
Love in Faith,Coffee Bros.,295,,,0,0.00,
Love in Faith,LuminAID,292,,,0,0.00,
Love in Faith,Compass Coffee,277,,,0,0.00,
Love in Faith,Native Pet,274,,,0,0.00,
Love in Faith,Spärkel Beverage Systems,274,,,0,0.00,
Love in Faith,Consciously Baby,265,,,0,0.00,
Love in Faith,Gathre,260,,,0,0.00,
Love in Faith,Siblings,256,,,0,0.00,
Love in Faith,Vacation®,253,,,0,0.00,
Love in Faith,Otteroo,251,,,0,0.00,
Love in Faith,Explorer Cold Brew,247,,,0,0.00,
Love in Faith,Hydrant,245,,,0,0.00,
Love in Faith,Oars + Alps,243,,,0,0.00,
Love in Faith,Distil Union,242,,,0,0.00,
Love in Faith,BAZZAAL INC,237,,,0,0.00,
Love in Faith,zing bars,232,,,0,0.00,
Love in Faith,eyebobs,229,,,0,0.00,
Love in Faith,D.S. & Durga,226,,,0,0.00,
Love in Faith,Kosterina,225,50,5,1,5.00,22.22222000
Love in Faith,JACK HENRY,222,,,0,0.00,
Love in Faith,Once Upon a Farm,221,,,0,0.00,
Love in Faith,Dreamland Baby,220,,,0,0.00,
Love in Faith,CoverFX,219,,,0,0.00,
Love in Faith,SeaVees,217,,,0,0.00,
Love in Faith,SolaWave,213,,,0,0.00,
Love in Faith,INTO THE AM,212,,,0,0.00,
Love in Faith,beam,212,,,0,0.00,
Love in Faith,Nanit,208,,,0,0.00,
Love in Faith,ettitude,204,,,0,0.00,
Love in Faith,Elegant Baby,199,,,0,0.00,
Love in Faith,Doré,198,,,0,0.00,
Love in Faith,Oradina,193,,,0,0.00,
Love in Faith,Esker,190,,,0,0.00,
Love in Faith,woolino,189,,,0,0.00,
Love in Faith,Bear Balanced,189,,,0,0.00,
Love in Faith,Giapenta,189,,,0,0.00,
Love in Faith,Konny,185,,,0,0.00,
Love in Faith,Felix Gray,185,,,0,0.00,
Love in Faith,Juna,183,,,0,0.00,
Love in Faith,JOI,180,,,0,0.00,
Love in Faith,Softies,179,,,0,0.00,
Love in Faith,Zonarch,179,,,0,0.00,
Love in Faith,Karma Nuts,177,,,0,0.00,
Love in Faith,Manduka,175,,,0,0.00,
Love in Faith,Dr Sari's Lunar Sync,171,,,0,0.00,
Love in Faith,good light,168,,,0,0.00,
Love in Faith,EVER Skincare,163,,,0,0.00,
Love in Faith,Ellie & Becks,163,,,0,0.00,
Love in Faith,esmi Skin Minerals,162,,,0,0.00,
Love in Faith,Spice Tribe,157,,,0,0.00,
Love in Faith,EGG New York,154,,,0,0.00,
Love in Faith,FullWell,152,,,0,0.00,
Love in Faith,iota,148,,,0,0.00,
Love in Faith,Moon Pals,148,,,0,0.00,
Love in Faith,Dryft Sleep,147,,,0,0.00,
Love in Faith,TriLASTIN,145,,,0,0.00,
Love in Faith,Le Monde Gourmand,141,,,0,0.00,
Love in Faith,ELVY Lab,134,,,0,0.00,
Love in Faith,NOTO Botanics,134,,,0,0.00,
Love in Faith,Ponto Footwear,133,,,0,0.00,
Love in Faith,Modern Picnic,133,,,0,0.00,
Love in Faith,Natalist Co.,133,,,0,0.00,
Love in Faith,INBLOOM,132,,,0,0.00,
Love in Faith,Evergreen,129,,,0,0.00,
Love in Faith,Spyder,128,,,0,0.00,
Love in Faith,happy being,125,,,0,0.00,
Love in Faith,epi.logic,123,,,0,0.00,
Love in Faith,Nala Care,123,,,0,0.00,
Love in Faith,Koio,121,,,0,0.00,
Love in Faith,Evereden,121,,,0,0.00,
Love in Faith,Trace Minerals,120,20,10,1,10.00,83.33333000
Love in Faith,Just Date,119,,,0,0.00,
Love in Faith,Black Wolf Nation,118,,,0,0.00,
Love in Faith,Love Your Melon,117,,,0,0.00,
Love in Faith,Winged Wellness,116,,,0,0.00,
Love in Faith,Sijo,116,,,0,0.00,
Love in Faith,The Plug Drink,115,,,0,0.00,
Love in Faith,ZOA Energy,115,,,0,0.00,
Love in Faith,M.M.LaFleur,115,,,0,0.00,
Love in Faith,Finn + Emma,114,,,0,0.00,
Love in Faith,Tia Lupita,113,,,0,0.00,
Love in Faith,Green Paper Products,112,,,0,0.00,
Love in Faith,Flying Embers,107,,,0,0.00,
Love in Faith,Jolie,107,,,0,0.00,
Love in Faith,Giften Market,105,,,0,0.00,
Love in Faith,IVL Collective,105,,,0,0.00,
Love in Faith,Estella,103,,,0,0.00,
Love in Faith,Nuudii System,101,,,0,0.00,
Love in Faith,Food Huggers,100,,,0,0.00,
Love in Faith,Fresh Peaches,99,,,0,0.00,
Love in Faith,Modern Fuel,96,,,0,0.00,
Love in Faith,Needed,96,,,0,0.00,
Love in Faith,Seoul Ceuticals,89,,,0,0.00,
Love in Faith,Gooselings,88,,,0,0.00,
Love in Faith,Haand Inc,87,,,0,0.00,
Love in Faith,vitruvi,85,,,0,0.00,
Love in Faith,HATCH,85,,,0,0.00,
Love in Faith,Surely Wines,83,,,0,0.00,
Love in Faith,Las Jaras Wines,82,,,0,0.00,
Love in Faith,Haus of Brilliance,81,,,0,0.00,
Love in Faith,Botanical Bones,81,,,0,0.00,
Love in Faith,SACHEU Beauty,81,,,0,0.00,
Love in Faith,Inamorata,78,,,0,0.00,
Love in Faith,BOLDE,77,,,0,0.00,
Love in Faith,My Girl Wellness,76,,,0,0.00,
Love in Faith,KA! Empathogenics,75,,,0,0.00,
Love in Faith,ieró Beauty™,75,,,0,0.00,
Love in Faith,Leeway Home,73,,,0,0.00,
Love in Faith,Safari Ltd,72,,,0,0.00,
Love in Faith,Highline Wellness,72,,,0,0.00,
Love in Faith,Bright Cellars,71,,,0,0.00,
Love in Faith,Glimmer Wish,71,,,0,0.00,
Love in Faith,Joanna Vargas Skincare,71,,,0,0.00,
Love in Faith,NOMAD Grills,68,,,0,0.00,
Love in Faith,Beginning Boutique,68,,,0,0.00,
Love in Faith,Som Sleep,66,,,0,0.00,
Love in Faith,Sunfood Superfoods,63,,,0,0.00,
Love in Faith,Lollipetals,62,,,0,0.00,
Love in Faith,Seafolly Australia,62,,,0,0.00,
Love in Faith,Out of the Woods,60,,,0,0.00,
Love in Faith,Thousand Fell,59,,,0,0.00,
Love in Faith,Matador Meggings,59,,,0,0.00,
Love in Faith,SortJoy,59,,,0,0.00,
Love in Faith,Popadelics,58,,,0,0.00,
Love in Faith,Ruggish Co.,57,,,0,0.00,
Love in Faith,Revolution Cooking,57,,,0,0.00,
Love in Faith,LINHART NYC,55,,,0,0.00,
Love in Faith,LightWater Skin,55,,,0,0.00,
Love in Faith,QALO,55,,,0,0.00,
Love in Faith,Year & Day,55,,,0,0.00,
Love in Faith,"Love, Plants",54,,,0,0.00,
Love in Faith,Seamless Lingerie,54,,,0,0.00,
Love in Faith,Rains,54,,,0,0.00,
Love in Faith,inklings baby,53,,,0,0.00,
Love in Faith,SENREVE,52,,,0,0.00,
Love in Faith,Luca Faloni,52,,,0,0.00,
Love in Faith,Caramels.com,51,,,0,0.00,
Love in Faith,Why and Whale,50,,,0,0.00,
Love in Faith,Ry & Pen,49,,,0,0.00,
Love in Faith,MORI,49,,,0,0.00,
Love in Faith,Cleverman,48,,,0,0.00,
Love in Faith,Milton & Goose,48,,,0,0.00,
Love in Faith,MAXPRO Fitness,48,,,0,0.00,
Love in Faith,Clevr Blends,48,,,0,0.00,
Love in Faith,Firebelly Tea,47,,,0,0.00,
Love in Faith,Oeuf,46,,,0,0.00,
Love in Faith,Sprout Living,46,,,0,0.00,
Love in Faith,Raw Botanics,44,,,0,0.00,
Love in Faith,Oat Mama,43,,,0,0.00,
Love in Faith,OOBE BRAND,42,,,0,0.00,
Love in Faith,Red Racer Books,41,,,0,0.00,
Love in Faith,SoaPen Inc,41,,,0,0.00,
Love in Faith,Myles,41,,,0,0.00,
Love in Faith,NOT!CE Hair Co,41,,,0,0.00,
Love in Faith,Blessed Be Magick,39,,,0,0.00,
Love in Faith,Nutshell Coolers,38,,,0,0.00,
Love in Faith,FRANC,38,,,0,0.00,
Love in Faith,Wren + Glory,36,,,0,0.00,
Love in Faith,Rif Care,35,,,0,0.00,
Love in Faith,Uncharted Coffee Supply,32,,,0,0.00,
Love in Faith,Divi,32,,,0,0.00,
Love in Faith,Verdant Lyfe,31,,,0,0.00,
Love in Faith,Salio,30,,,0,0.00,
Love in Faith,Dope Dog,29,,,0,0.00,
Love in Faith,Paperclip,28,,,0,0.00,
Love in Faith,Quitch,28,,,0,0.00,
Love in Faith,Droplette,25,,,0,0.00,
Love in Faith,Storq,25,,,0,0.00,
Love in Faith,neoNutritions,25,,,0,0.00,
Love in Faith,True Made Foods,25,,,0,0.00,
Love in Faith,Nampons LLC,24,,,0,0.00,
Love in Faith,StackedSkincare,23,,,0,0.00,
Love in Faith,Tinto Amorio,22,,,0,0.00,
Love in Faith,Sonic Power,20,,,0,0.00,
Love in Faith,sproos!,20,,,0,0.00,
Love in Faith,Sonrei Skin,18,,,0,0.00,
Love in Faith,Fasteak,15,,,0,0.00,
Love in Faith,TUSOL Wellness,15,,,0,0.00,
Love in Faith,EXOH,13,,,0,0.00,
Love in Faith,Feel Goods,12,,,0,0.00,
Love in Faith,Dame,11,,,0,0.00,
Love in Faith,Alpha-H,9,,,0,0.00,
Love in Faith,Hello Bello,9,,,0,0.00,
Love in Faith,Just Human,8,,,0,0.00,
Love in Faith,Leath,8,,,0,0.00,
Love in Faith,kencko,7,,,0,0.00,
Love in Faith,Kabrita,7,,,0,0.00,
Love in Faith,Joyja,7,,,0,0.00,
Love in Faith,ILYSM,7,,,0,0.00,
Love in Faith,July A/C,6,,,0,0.00,
Love in Faith,Kahlmi,6,,,0,0.00,
Love in Faith,La V'rose Skincare,6,,,0,0.00,
Love in Faith,Les Belles,6,,,0,0.00,
Love in Faith,Level Select CBD,4,,,0,0.00,
Love in Faith,Foria,4,,,0,0.00,
Love in Faith,Llama Naturals,4,,,0,0.00,
Love in Faith,Natemia,4,,,0,0.00,
Love in Faith,Magic Mind,3,,,0,0.00,
Love in Faith,NEIWAI,3,,,0,0.00,
Love in Faith,Manukora,3,,,0,0.00,
Love in Faith,Lillebaby,3,,,0,0.00,
Love in Faith,Pink Stork,2,,,0,0.00,
Love in Faith,Porto's Bake at Home,2,,,0,0.00,
Love in Faith,rmdy,2,,,0,0.00,
Love in Faith,Porter Road,2,,,0,0.00,
Love in Faith,More Shower SPACE,2,,,0,0.00,
Love in Faith,Pendrell,2,,,0,0.00,
Love in Faith,SAYSO,2,,,0,0.00,
Love in Faith,Plum Deluxe Tea,2,,,0,0.00,
Love in Faith,Probulin,2,,,0,0.00,
Love in Faith,RIND Snacks,2,,,0,0.00,
Love in Faith,Smith Teamaker,2,,,0,0.00,
Love in Faith,Remi,2,,,0,0.00,
Love in Faith,Nurture&,2,,,0,0.00,
Love in Faith,Rags,2,,,0,0.00,
Love in Faith,Hello Cake,2,,,0,0.00,
Love in Faith,Social CBD,2,,,0,0.00,
Love in Faith,Myro,2,,,0,0.00,
Love in Faith,MUD\WTR,2,,,0,0.00,
Love in Faith,Moku Foods,2,,,0,0.00,
Love in Faith,West & Willow,1,,,0,0.00,
Love in Faith,Prima,1,,,0,0.00,
Love in Faith,Terra Kaffe,1,,,0,0.00,
Love in Faith,Tiege Hanley,1,,,0,0.00,
Love in Faith,Wolf Project,1,,,0,0.00,
Love in Faith,Tailored Pet Nutrition,1,,,0,0.00,
Love in Faith,RiotSociety.com,1,,,0,0.00,
Love in Faith,Three Ships,1,,,0,0.00,
Love in Faith,West Chop Co,1,,,0,0.00,
Love in Faith,SureThik,1,,,0,0.00,
Love in Faith,Vous Vitamin,1,,,0,0.00,
Sol de Janeiro,Laura Geller,73724,15,0,139,1770.00,24.00846000
Sol de Janeiro,Liquid I.V.,24518,35,0,22,420.00,17.13027000
Sol de Janeiro,Caden Lane,19363,31,19,19,464.00,23.96323000
Sol de Janeiro,MANSCAPED,10327,,,0,0.00,
Sol de Janeiro,Beyond Polish,8164,8,0,1,0.00,0.00000000
Sol de Janeiro,Glamnetic,8093,30,10,18,320.00,39.54034000
Sol de Janeiro,BlendJet,7645,10,5,5,30.00,3.92413000
Sol de Janeiro,LIVELY,7130,35,20,8,205.00,28.75175000
Sol de Janeiro,Lollipetals,5165,,,0,0.00,
Sol de Janeiro,Dagne Dover,5072,30,20,2,50.00,9.85804000
Sol de Janeiro,Tower 28 Beauty,4462,15,5,6,80.00,17.92918000
Sol de Janeiro,Dr. Squatch,4446,25,1,12,61.00,13.72020000
Sol de Janeiro,wildwonder,4426,,,0,0.00,
Sol de Janeiro,Little Words Project,4322,15,10,6,70.00,16.19621000
Sol de Janeiro,Dollar Shave Club,4072,30,5,5,75.00,18.41847000
Sol de Janeiro,biom,3850,,,0,0.00,
Sol de Janeiro,Mario Badescu Skin Care,3687,12,0,2,24.00,6.50936000
Sol de Janeiro,True Classic,3377,45,0,2,90.00,26.65087000
Sol de Janeiro,Love in Faith,2904,10,3,21,137.00,47.17631000
Sol de Janeiro,Canopy,2608,,,0,0.00,
Sol de Janeiro,Beginning Boutique,2602,27,10,6,110.00,42.27517000
Sol de Janeiro,Finn + Emma,2576,,,0,0.00,
Sol de Janeiro,ILIA,2393,20,20,7,140.00,58.50397000
Sol de Janeiro,120/Life,1881,,,0,0.00,
Sol de Janeiro,Girlfriend Collective,1821,,,0,0.00,
Sol de Janeiro,Kindra,1795,,,0,0.00,
Sol de Janeiro,Buffbunny Collection,1714,12,4,14,104.00,60.67678000
Sol de Janeiro,SolaWave,1643,50,10,2,20.00,12.17285000
Sol de Janeiro,AAVRANI,1631,,,0,0.00,
Sol de Janeiro,"Dermaclara, LLC",1399,15,10,2,20.00,14.29593000
Sol de Janeiro,INH Hair,1392,40,10,2,50.00,35.91954000
Sol de Janeiro,12|12,1381,25,10,1,25.00,18.10282000
Sol de Janeiro,MantraBand,1370,,,0,0.00,
Sol de Janeiro,Oradina,1359,125,20,1,20.00,14.71670000
Sol de Janeiro,Mented Cosmetics,1222,,,0,0.00,
Sol de Janeiro,Shinesty,1213,20,10,2,30.00,24.73207000
Sol de Janeiro,Branch,1181,45,45,1,45.00,38.10330000
Sol de Janeiro,Posh Peanut,1158,,,0,0.00,
Sol de Janeiro,Dame,1153,35,35,1,35.00,30.35559000
Sol de Janeiro,Newton Baby,1144,,,0,0.00,
Sol de Janeiro,Boie USA,1139,,,0,0.00,
Sol de Janeiro,Volcom,1122,15,8,1,8.00,7.13012000
Sol de Janeiro,Sijo,1081,,,0,0.00,
Sol de Janeiro,Le Mini Macaron,1068,,,0,0.00,
Sol de Janeiro,Ancient Nutrition,1039,25,5,1,5.00,4.81232000
Sol de Janeiro,SureThik,971,,,0,0.00,
Sol de Janeiro,Bala,969,,,0,0.00,
Sol de Janeiro,Afloral,949,30,20,1,30.00,31.61222000
Sol de Janeiro,Altitude Functional Beverages,914,,,0,0.00,
Sol de Janeiro,Airsign,877,,,0,0.00,
Sol de Janeiro,Ami Colé,847,,,0,0.00,
Sol de Janeiro,Bad Birdie,819,50,5,3,60.00,73.26007000
Sol de Janeiro,UNTUCKit,813,,,0,0.00,
Sol de Janeiro,Winky Lux,765,22,11,4,66.00,86.27451000
Sol de Janeiro,Gibsonlook,746,,,0,0.00,
Sol de Janeiro,Airo Collective,725,,,0,0.00,
Sol de Janeiro,For Days,715,30,15,1,60.00,83.91608000
Sol de Janeiro,jane iredale,693,20,5,4,20.00,28.86003000
Sol de Janeiro,NEIWAI,693,,,0,0.00,
Sol de Janeiro,Carve Designs,678,50,10,3,70.00,103.24484000
Sol de Janeiro,Alkavida,643,,,0,0.00,
Sol de Janeiro,Wolf & Shepherd,621,,,0,0.00,
Sol de Janeiro,Blessed Be Magick,613,,,0,0.00,
Sol de Janeiro,Nampons LLC,610,,,0,0.00,
Sol de Janeiro,Highline Wellness,609,,,0,0.00,
Sol de Janeiro,Bandier,567,,,0,0.00,
Sol de Janeiro,QALO,558,7,4,1,4.44,7.95699000
Sol de Janeiro,Tubby Todd Bath Co.,549,,,0,0.00,
Sol de Janeiro,A Kids Co.,524,,,0,0.00,
Sol de Janeiro,Sunday Citizen,505,70,50,1,50.00,99.00990000
Sol de Janeiro,Projects Watches,480,,,0,0.00,
Sol de Janeiro,Nood,455,,,0,0.00,
Sol de Janeiro,Electric Picks Jewelry,454,30,15,3,75.00,165.19824000
Sol de Janeiro,Winged Wellness,433,,,0,0.00,
Sol de Janeiro,Alpyn Beauty,418,40,20,2,60.00,143.54067000
Sol de Janeiro,Caraway,413,,,0,0.00,
Sol de Janeiro,Manduka,408,,,0,0.00,
Sol de Janeiro,Monica & Andy Inc.,407,45,10,1,10.00,24.57002000
Sol de Janeiro,Thorlos,400,15,5,1,5.00,12.50000000
Sol de Janeiro,Love Your Melon,399,,,0,0.00,
Sol de Janeiro,Leeway Home,393,,,0,0.00,
Sol de Janeiro,Fuse Lenses,382,,,0,0.00,
Sol de Janeiro,Blueland,374,,,0,0.00,
Sol de Janeiro,My Girl Wellness,373,,,0,0.00,
Sol de Janeiro,Amberjack,342,,,0,0.00,
Sol de Janeiro,Willow Pumps,336,,,0,0.00,
Sol de Janeiro,Snuggle Me Organic,335,,,0,0.00,
Sol de Janeiro,AVEC,331,,,0,0.00,
Sol de Janeiro,IVL Collective,310,,,0,0.00,
Sol de Janeiro,Julep,308,10,0,1,10.00,32.46753000
Sol de Janeiro,Waterboy,288,,,0,0.00,
Sol de Janeiro,HATCH,274,,,0,0.00,
Sol de Janeiro,Elevated Faith,273,,,0,0.00,
Sol de Janeiro,Anyday,267,,,0,0.00,
Sol de Janeiro,Seoul Ceuticals,264,,,0,0.00,
Sol de Janeiro,Koio,259,,,0,0.00,
Sol de Janeiro,M.M.LaFleur,253,,,0,0.00,
Sol de Janeiro,Character Home,252,,,0,0.00,
Sol de Janeiro,Bask Suncare,244,,,0,0.00,
Sol de Janeiro,Licorice,237,,,0,0.00,
Sol de Janeiro,SeaVees,235,,,0,0.00,
Sol de Janeiro,August Uncommon Tea,232,,,0,0.00,
Sol de Janeiro,SACHEU Beauty,231,,,0,0.00,
Sol de Janeiro,Pretzels.com,227,,,0,0.00,
Sol de Janeiro,Better & Better,213,,,0,0.00,
Sol de Janeiro,Foria,210,20,16,1,20.00,95.23810000
Sol de Janeiro,Aura Bora,205,30,10,1,30.00,146.34146000
Sol de Janeiro,Dakine,203,20,13,1,20.00,98.52217000
Sol de Janeiro,Spyder,185,,,0,0.00,
Sol de Janeiro,Tini Lux,184,,,0,0.00,
Sol de Janeiro,INBLOOM,182,35,25,1,25.00,137.36264000
Sol de Janeiro,good light,179,20,20,1,40.00,223.46369000
Sol de Janeiro,Homesick Candles,178,24,15,1,14.87,83.53933000
Sol de Janeiro,Birthdate Co.,176,,,0,0.00,
Sol de Janeiro,KA! Empathogenics,175,,,0,0.00,
Sol de Janeiro,Billy Reid,174,,,0,0.00,
Sol de Janeiro,The CrunchCup,172,,,0,0.00,
Sol de Janeiro,Baby Delight,171,,,0,0.00,
Sol de Janeiro,eyebobs,170,,,0,0.00,
Sol de Janeiro,Create,170,35,15,1,15.00,88.23529000
Sol de Janeiro,Muslin Comfort,165,75,5,3,20.00,121.21212000
Sol de Janeiro,Juna,163,45,15,1,15.00,92.02454000
Sol de Janeiro,Baby Tula,161,,,0,0.00,
Sol de Janeiro,doublesoul,160,,,0,0.00,
Sol de Janeiro,Tushbaby,155,18,5,1,18.00,116.12903000
Sol de Janeiro,Wildfang,151,,,0,0.00,
Sol de Janeiro,Zonarch,151,,,0,0.00,
Sol de Janeiro,The Plug Drink,145,,,0,0.00,
Sol de Janeiro,Nuudii System,144,21,15,1,15.00,104.16667000
Sol de Janeiro,Dropps,139,25,5,3,15.00,107.91367000
Sol de Janeiro,Bed Babe,139,,,0,0.00,
Sol de Janeiro,Snowyskin,138,,,0,0.00,
Sol de Janeiro,Kate Quinn,137,,,0,0.00,
Sol de Janeiro,Hydrant,135,,,0,0.00,
Sol de Janeiro,Baby K'tan,133,,,0,0.00,
Sol de Janeiro,Giapenta,132,,,0,0.00,
Sol de Janeiro,Distil Union,132,,,0,0.00,
Sol de Janeiro,Jungmaven,122,,,0,0.00,
Sol de Janeiro,Softies,116,,,0,0.00,
Sol de Janeiro,Inamorata,113,,,0,0.00,
Sol de Janeiro,Seafolly Australia,111,,,0,0.00,
Sol de Janeiro,Cadence,110,,,0,0.00,
Sol de Janeiro,Thousand Fell,110,,,0,0.00,
Sol de Janeiro,Common Era Jewelry,109,,,0,0.00,
Sol de Janeiro,Hedley & Bennett,108,40,25,1,24.97,231.20370000
Sol de Janeiro,Modern Picnic,105,,,0,0.00,
Sol de Janeiro,Siete Foods,103,,,0,0.00,
Sol de Janeiro,Wren + Glory,102,,,0,0.00,
Sol de Janeiro,Natalist Co.,99,,,0,0.00,
Sol de Janeiro,Moonglow,99,,,0,0.00,
Sol de Janeiro,Food Huggers,98,,,0,0.00,
Sol de Janeiro,BelliWelli,97,,,0,0.00,
Sol de Janeiro,California Arts,94,,,0,0.00,
Sol de Janeiro,Opopop,94,,,0,0.00,
Sol de Janeiro,DEUX,94,,,0,0.00,
Sol de Janeiro,Resist Nutrition,90,,,0,0.00,
Sol de Janeiro,Bokksu Market,89,,,0,0.00,
Sol de Janeiro,BuddyLove,88,30,15,1,15.00,170.45455000
Sol de Janeiro,happy being,88,,,0,0.00,
Sol de Janeiro,Som Sleep,87,,,0,0.00,
Sol de Janeiro,Bodily,85,,,0,0.00,
Sol de Janeiro,TriLASTIN,85,,,0,0.00,
Sol de Janeiro,EVER Skincare,81,,,0,0.00,
Sol de Janeiro,Joanna Vargas Skincare,79,,,0,0.00,
Sol de Janeiro,Saranoni Luxury Blankets,78,,,0,0.00,
Sol de Janeiro,Solly Baby,78,,,0,0.00,
Sol de Janeiro,SENREVE,75,,,0,0.00,
Sol de Janeiro,Ry & Pen,75,,,0,0.00,
Sol de Janeiro,Bloomscape,74,,,0,0.00,
Sol de Janeiro,Clover by CLOVE + HALLOW,72,,,0,0.00,
Sol de Janeiro,Doré,71,,,0,0.00,
Sol de Janeiro,My Medic,70,,,0,0.00,
Sol de Janeiro,Kinflyte,69,,,0,0.00,
Sol de Janeiro,Trace Minerals,69,,,0,0.00,
Sol de Janeiro,Wondery,68,,,0,0.00,
Sol de Janeiro,Yana Sleep,67,,,0,0.00,
Sol de Janeiro,Joyja,67,,,0,0.00,
Sol de Janeiro,Dr. Motion,67,,,0,0.00,
Sol de Janeiro,Calin,63,,,0,0.00,
Sol de Janeiro,Petunia Pickle Bottom,62,,,0,0.00,
Sol de Janeiro,Dr Sari's Lunar Sync,62,,,0,0.00,
Sol de Janeiro,MAXPRO Fitness,61,,,0,0.00,
Sol de Janeiro,Ritual Zero Proof,59,,,0,0.00,
Sol de Janeiro,Storq,58,,,0,0.00,
Sol de Janeiro,Kortni Jeane,56,,,0,0.00,
Sol de Janeiro,Nanit,55,,,0,0.00,
Sol de Janeiro,FRANC,54,,,0,0.00,
Sol de Janeiro,Outer Aisle,54,,,0,0.00,
Sol de Janeiro,Dryft Sleep,52,,,0,0.00,
Sol de Janeiro,Hello Cake,52,,,0,0.00,
Sol de Janeiro,EGG New York,52,,,0,0.00,
Sol de Janeiro,LINHART NYC,51,,,0,0.00,
Sol de Janeiro,Haus of Brilliance,51,,,0,0.00,
Sol de Janeiro,LuminAID,51,,,0,0.00,
Sol de Janeiro,Dirty Labs,50,,,0,0.00,
Sol de Janeiro,Lalo,50,,,0,0.00,
Sol de Janeiro,Lalabu,49,,,0,0.00,
Sol de Janeiro,INTO THE AM,48,,,0,0.00,
Sol de Janeiro,Tinto Amorio,48,,,0,0.00,
Sol de Janeiro,Seamless Lingerie,47,,,0,0.00,
Sol de Janeiro,Twillory,47,,,0,0.00,
Sol de Janeiro,Las Jaras Wines,47,,,0,0.00,
Sol de Janeiro,jot,46,,,0,0.00,
Sol de Janeiro,CanDo,45,,,0,0.00,
Sol de Janeiro,Sunfood Superfoods,44,,,0,0.00,
Sol de Janeiro,LightWater Skin,44,,,0,0.00,
Sol de Janeiro,ByHeart,43,,,0,0.00,
Sol de Janeiro,Coterie,41,,,0,0.00,
Sol de Janeiro,Brightech,41,,,0,0.00,
Sol de Janeiro,Bushwick Kitchen,38,,,0,0.00,
Sol de Janeiro,True Made Foods,38,,,0,0.00,
Sol de Janeiro,GhostBed,38,,,0,0.00,
Sol de Janeiro,Milton & Goose,37,,,0,0.00,
Sol de Janeiro,Oars + Alps,36,,,0,0.00,
Sol de Janeiro,Native Pet,36,,,0,0.00,
Sol de Janeiro,Gathre,36,,,0,0.00,
Sol de Janeiro,Rif Care,36,,,0,0.00,
Sol de Janeiro,Cali's Books,35,,,0,0.00,
Sol de Janeiro,Why and Whale,34,,,0,0.00,
Sol de Janeiro,Kosterina,34,50,5,1,5.00,147.05882000
Sol de Janeiro,Avocado Green Mattress,33,,,0,0.00,
Sol de Janeiro,OrnamentallyYou,32,,,0,0.00,
Sol de Janeiro,Dreamland Baby,32,,,0,0.00,
Sol de Janeiro,Popadelics,31,,,0,0.00,
Sol de Janeiro,Koot,31,,,0,0.00,
Sol de Janeiro,Coco Moon,31,,,0,0.00,
Sol de Janeiro,Cardon,31,,,0,0.00,
Sol de Janeiro,Mad Rabbit,30,,,0,0.00,
Sol de Janeiro,Molekule,29,,,0,0.00,
Sol de Janeiro,Raw Botanics,29,,,0,0.00,
Sol de Janeiro,Bare Performance Nutrition,28,,,0,0.00,
Sol de Janeiro,Otteroo,27,,,0,0.00,
Sol de Janeiro,Once Upon a Farm,27,,,0,0.00,
Sol de Janeiro,ezpz,27,,,0,0.00,
Sol de Janeiro,Fable Home,27,,,0,0.00,
Sol de Janeiro,Explorer Cold Brew,26,,,0,0.00,
Sol de Janeiro,Felix Gray,25,,,0,0.00,
Sol de Janeiro,ettitude,25,,,0,0.00,
Sol de Janeiro,Fresh Peaches,24,,,0,0.00,
Sol de Janeiro,vitruvi,24,,,0,0.00,
Sol de Janeiro,Coffee Bros.,23,,,0,0.00,
Sol de Janeiro,Jolie,23,,,0,0.00,
Sol de Janeiro,BAZZAAL INC,23,,,0,0.00,
Sol de Janeiro,Elegant Baby,22,,,0,0.00,
Sol de Janeiro,ZOA Energy,22,,,0,0.00,
Sol de Janeiro,Lunya,22,,,0,0.00,
Sol de Janeiro,epi.logic,22,,,0,0.00,
Sol de Janeiro,Zensah,21,,,0,0.00,
Sol de Janeiro,Consciously Baby,21,,,0,0.00,
Sol de Janeiro,Compass Coffee,21,,,0,0.00,
Sol de Janeiro,beam,21,,,0,0.00,
Sol de Janeiro,Ruggish Co.,20,,,0,0.00,
Sol de Janeiro,JACK HENRY,20,,,0,0.00,
Sol de Janeiro,Siblings,19,,,0,0.00,
Sol de Janeiro,Flying Embers,19,,,0,0.00,
Sol de Janeiro,Munk Pack,19,,,0,0.00,
Sol de Janeiro,Bear Balanced,19,,,0,0.00,
Sol de Janeiro,FullWell,18,,,0,0.00,
Sol de Janeiro,JOI,16,30,15,1,30.00,1875.00000000
Sol de Janeiro,Rains,15,,,0,0.00,
Sol de Janeiro,Surely Wines,15,,,0,0.00,
Sol de Janeiro,eeBoo,15,,,0,0.00,
Sol de Janeiro,Moon Pals,15,,,0,0.00,
Sol de Janeiro,Serenity Kids,14,,,0,0.00,
Sol de Janeiro,CoverFX,14,,,0,0.00,
Sol de Janeiro,woolino,14,,,0,0.00,
Sol de Janeiro,Revolution Cooking,14,,,0,0.00,
Sol de Janeiro,Frog Hollow Farm,13,,,0,0.00,
Sol de Janeiro,Evergreen,13,,,0,0.00,
Sol de Janeiro,Divya's,13,,,0,0.00,
Sol de Janeiro,Green Paper Products,13,,,0,0.00,
Sol de Janeiro,Karma Nuts,13,,,0,0.00,
Sol de Janeiro,Ellie & Becks,13,,,0,0.00,
Sol de Janeiro,ELVY Lab,13,,,0,0.00,
Sol de Janeiro,Needed,12,,,0,0.00,
Sol de Janeiro,Just Date,12,,,0,0.00,
Sol de Janeiro,böhme,12,,,0,0.00,
Sol de Janeiro,Ponto Footwear,12,,,0,0.00,
Sol de Janeiro,Glimmer Wish,12,,,0,0.00,
Sol de Janeiro,RiotSociety.com,12,,,0,0.00,
Sol de Janeiro,Petaluma,12,,,0,0.00,
Sol de Janeiro,Haand Inc,12,,,0,0.00,
Sol de Janeiro,Sprout Living,10,,,0,0.00,
Sol de Janeiro,Konny,10,,,0,0.00,
Sol de Janeiro,Gooselings,10,,,0,0.00,
Sol de Janeiro,inklings baby,9,,,0,0.00,
Sol de Janeiro,Maverick & Co.,9,,,0,0.00,
Sol de Janeiro,Black Wolf Nation,9,,,0,0.00,
Sol de Janeiro,Botanical Bones,8,,,0,0.00,
Sol de Janeiro,Tula Skincare,8,,,0,0.00,
Sol de Janeiro,BOLDE,8,,,0,0.00,
Sol de Janeiro,Moby Wrap,8,,,0,0.00,
Sol de Janeiro,Luca Faloni,8,,,0,0.00,
Sol de Janeiro,Morphe,7,,,0,0.00,
Sol de Janeiro,Bright Cellars,7,,,0,0.00,
Sol de Janeiro,Myles,7,,,0,0.00,
Sol de Janeiro,Brook & York,7,,,0,0.00,
Sol de Janeiro,Year & Day,7,,,0,0.00,
Sol de Janeiro,Safari Ltd,6,,,0,0.00,
Sol de Janeiro,Tia Lupita,6,,,0,0.00,
Sol de Janeiro,OOBE BRAND,6,,,0,0.00,
Sol de Janeiro,SortJoy,6,,,0,0.00,
Sol de Janeiro,Out of the Woods,6,,,0,0.00,
Sol de Janeiro,NOMAD Grills,5,,,0,0.00,
Sol de Janeiro,Oat Mama,5,,,0,0.00,
Sol de Janeiro,Nutshell Coolers,5,,,0,0.00,
Sol de Janeiro,MORI,5,,,0,0.00,
Sol de Janeiro,Spice Tribe,5,,,0,0.00,
Sol de Janeiro,Modern Fuel,5,,,0,0.00,
Sol de Janeiro,Covey Skincare,5,,,0,0.00,
Sol de Janeiro,Matador Meggings,5,,,0,0.00,
Sol de Janeiro,Droplette,4,,,0,0.00,
Sol de Janeiro,Clevr Blends,4,,,0,0.00,
Sol de Janeiro,Alpha-H,4,,,0,0.00,
Sol de Janeiro,Verdant Lyfe,4,,,0,0.00,
Sol de Janeiro,Caramels.com,4,,,0,0.00,
Sol de Janeiro,sproos!,4,,,0,0.00,
Sol de Janeiro,Oeuf,4,,,0,0.00,
Sol de Janeiro,Uncharted Coffee Supply,4,,,0,0.00,
Sol de Janeiro,zing bars,4,,,0,0.00,
Sol de Janeiro,Cozy Earth,4,,,0,0.00,
Sol de Janeiro,Red Racer Books,3,,,0,0.00,
Sol de Janeiro,SoaPen Inc,3,,,0,0.00,
Sol de Janeiro,Firebelly Tea,3,,,0,0.00,
Sol de Janeiro,EXOH,3,,,0,0.00,
Sol de Janeiro,Cleverman,3,,,0,0.00,
Sol de Janeiro,ILYSM,3,,,0,0.00,
Sol de Janeiro,"Love, Plants",3,,,0,0.00,
Sol de Janeiro,Feel Goods,3,,,0,0.00,
Sol de Janeiro,Salio,3,,,0,0.00,
Sol de Janeiro,Hello Bello,3,,,0,0.00,
Sol de Janeiro,Spärkel Beverage Systems,3,,,0,0.00,
Sol de Janeiro,Paperclip,3,,,0,0.00,
Sol de Janeiro,Estella,3,,,0,0.00,
Sol de Janeiro,Fasteak,3,,,0,0.00,
Sol de Janeiro,Faherty Brand,3,,,0,0.00,
Sol de Janeiro,Fresh Clean Threads,3,,,0,0.00,
Sol de Janeiro,ETOILE,3,,,0,0.00,
Sol de Janeiro,Dope Dog,3,,,0,0.00,
Sol de Janeiro,Kabrita,2,,,0,0.00,
Sol de Janeiro,Coromega,2,,,0,0.00,
Sol de Janeiro,Leath,2,,,0,0.00,
Sol de Janeiro,Level Select CBD,2,,,0,0.00,
Sol de Janeiro,Kijibae,2,,,0,0.00,
Sol de Janeiro,July A/C,2,,,0,0.00,
Sol de Janeiro,Kahlmi,2,,,0,0.00,
Sol de Janeiro,Legends,2,,,0,0.00,
Sol de Janeiro,kencko,2,,,0,0.00,
Sol de Janeiro,neoNutritions,2,,,0,0.00,
Sol de Janeiro,Natemia,2,,,0,0.00,
Sol de Janeiro,La V'rose Skincare,2,,,0,0.00,
Sol de Janeiro,Homefield,2,,,0,0.00,
Sol de Janeiro,Just Human,2,,,0,0.00,
Sol de Janeiro,NOT!CE Hair Co,1,,,0,0.00,
Sol de Janeiro,Carbon38,1,,,0,0.00,
Sol de Janeiro,Les Belles,1,,,0,0.00,
Sol de Janeiro,Sonic Power,1,,,0,0.00,
Sol de Janeiro,Lillebaby,1,,,0,0.00,
